'Wbox_SKU','Reference','Value','Description','Header_Symbol','KiCad_Footprint','Datasheet','Package','MF_Name','MF_PN','S1_Name','S1_PN','Qty','Verified_FP'
1,'-','-','RASPBERRY PI B+','RASPIB+',,,,,,,,'2','No'
2,'-','-','WIFI USB DONGLE','-',,,,,,,,'1','No'
3,'-','-','FULL SIZE SD CARD','-',,,,,,,,'1','No'
4,'-','-','ESP8266 THING','ESP8266-THING',,'https://www.sparkfun.com/products/13231','THINGBOARD','Sparkfun','13231','Sparkfun','13231','1','No'
5,'-','-','BADGERSTICK','BADGERSTICK',,'https://learn.sparkfun.com/tutorials/badgerhack','BADGERSTICK','Sparkfun','BADGERSTICK','Sparkfun','BADGERSTICK','1','No'
6,'-','-','BNC MALE TO SMA MALE 1FOOT','BNC',,'http://www.amphenolconnex.com/downloads/dl/file/id/5270/245101_01_xx_xx_customer_drawing.pdf',,'Amphenol','245101-04-12.00','Digikey','ACX1721-ND','4','No'
7,'-','-','CAP NAVIGATION ROUND BLACK','CAP',,'http://media.digikey.com/pdf/Data%20Sheets/C&K/TPA%20Series.pdf',,'C&K','BOUTON TPA','Digikey','401-1997-ND','4','No'
8,'-','-','Minnow Board Development Kit','-',,,,,,,,,'No'
9,'-','-','2PIN 4” JST Cables','CONN-1x02',,'https://www.adafruit.com/products/261','JST2','Adafruit','261','Adafruit','261','4','No'
10,'-','-','USB LiIon/LiPoly charger – v1.2','-',,,,'Adafruit','259','Adafruit','259','3','No'
11,'-','-','MCP4725 Breakout Board 12Bit DAC with I2C','-',,'https://www.adafruit.com/products/935',,'Adafruit','935','Adafruit','935','1','No'
12,'-','-','CABLE END FEMALE CRIMP HOUSING 6POS','-',,'https://cdn.harwin.com/pdfs/M20-106.pdf',,'Harwin','M20-1060600','Digikey','952-2231-ND','9','No'
13,'-','-','Shield stacking headers for Arduino','-',,'https://www.adafruit.com/product/85',,'Adafruit','85','Adafruit','85','Lots','No'
14,'-','-','OBD DEVELOPMENT KIT','-',,'https://www.scantool.net/obd-development-kit/','-','ScanTool','OBD-DEV-KIT','ScanTool','443000-148202','1','No'
15,'-','-','OBD-II TO DB9 CABLE','-',,'-','-','ScanTool','-','ScanTool','-','1','No'
16,'-','-','CONN UMC UFL JACK STR 50 OHM SMD','UFL-ANT',,'http://media.digikey.com/pdf/Data%20Sheets/Hirose%20PDFs/UFL%20Series.pdf','UFL','Hirose','U.FL-R-SMT-1(01)','Digikey','H122041-ND','0','No'
17,'-','-','VIBE MOTOR MINI DISC','VIBE-MOTOR',,'https://www.adafruit.com/products/1201','2PIN-VIBE','Adafruit','1201','Adafruit','1201','2','No'
18,'-','-','CONDUCTIVE THREAD STAINLESS STEEL 0.12MM','-',,'-','-','Sparkfun','DEV-13814','Sparkfun','DEV-13814','1','No'
19,'-','-','OBD-II TO DB9 CABLE','-',,'https://www.sparkfun.com/products/10087','-','Sparkfun','CAB-10087','Sparkfun','CAB-10087','0','No'
20,'-','-','TEST CLIP 8PIN SOIC','-',,'http://www.pomonaelectronics.com/pdf/d5250-54_5437_1_01.pdf','-','Pomona','5250','Digikey','501-1311-ND','0','No'
21,'AN','ANT-CALVUS-A10340','ANTENNA CALVUS 824-960MHZ SMD','ANTENNA',,'http://media.digikey.com/PDF/Data%20Sheets/Antenova/A10340.pdf','A10340','Antenova','A10340','Digikey','627-1022-1-ND','1','No'
22,'B','BATT-LIPO-3.7V-150MAH-JST-2PIN','Lithium Ion Polymer Battery - 3.7v 150mAh','BATTERY',,'https://cdn-shop.adafruit.com/product-files/1317/C1515_-_Li-Polymer_402025_150mAh_3.7V_with_PCM.pdf','JST2','PKCELL','LP402025','Adafruit','1317','2','No'
23,'B','BATT-LIPO-3.7V-500MAH-JST-2PIN','Lithium Ion Polymer Battery - 3.7v 500mAh','BATTERY',,'https://cdn-shop.adafruit.com/product-files/1578/C1854+PKCell+Datasheet+Li-Polymer+503035+500mAh+3.7V+with+PCM.pdf','JST2','PKCELL','LP503035','Adafruit','1578','2','No'
24,'B','BATT-STRAP-CR2032-SMT-POINTYPIN','CR2032 BATTERY STRAP SMT PC PINS','BATTERY',,'http://www.memoryprotectiondevices.com/datasheets/BC-2003-datasheet.pdf','CR2032-BC-2400','MPD','BC-2400','Digikey','BC-2400-ND','100','No'
25,'C','CAP-CER-1UF-25V-X7R-0603','CAP CER 1UF 25V X7R 0603','CAP',,'http://ds.yuden.co.jp/TYCOMPAS/ut/detail.do?productNo=TMK107B7105KA-T&fileName=TMK107B7105KA-T_SS&mode=specSheetDownload','603','Taiyo Yuden','TMK107B7105KA-T','Digikey','587-2984-1-ND','5','No'
26,'C','CAP-CER-1UF-10V-X7R-0603','CAP CER 1UF 10V X7R 0603','CAP',,'http://www.samsungsem.com/kr/support/product-search/mlcc/CL10B105KP8NNNC.jsp','603','Samsung','CL10B105KP8NNNC','Digikey','1276-1946-1-ND','100','No'
27,'C','CAP-CER-2.2UF-10V-X7R-0603','CAP CER 2.2UF 10V X7R 0603','CAP',,'http://media.digikey.com/pdf/Data%20Sheets/Taiyo%20Yuden%20PDFs%20URL%20links/LMK107B7225KA-T.pdf','603','Taiyo Yuden','LMK107B7225KA-T','Digikey','587-2983-1-ND','35','No'
28,'C','CAP-CER-4.7UF-6.3V-X7R-0603','CAP CER 4.7UF 6.3V X7R 0603','CAP',,'http://media.digikey.com/pdf/Data%20Sheets/Samsung%20PDFs/CL10B475KQ8NQNC_Spec.pdf','603','Samsung','CL10B475KQ8NQNC','Digikey','1276-2087-1-ND','2','No'
29,'C','CAP-CER-10UF-25V-X7R-1210','CAP CER 10UF 25V X7R 1210','CAP',,'http://www.yuden.co.jp/productdata/catalog/en/mlcc_all_e.pdf','1210','Taiyo Yuden','TMK325B7106KN-TR','Digikey','587-2599-1-ND','50','No'
30,'C','CAP-CER-8.2PF-50V-NP0-RADIAL','CAP CER 8.2PF 50V NP0 RADIAL','CAP',,'http://www.kemet.com/Lists/ProductCatalog/Attachments/52/F3101_GoldMax.pdf','CAP-5MM-RAD','Kemet','C317C829D5G5TA','Digikey','399-8923-ND','7','No'
31,'C','CAP-CER-150PF-50V-NP0-RADIAL','CAP CER 150PF 50V NP0 RADIAL','CAP',,'http://www.vishay.com/docs/45171/kseries.pdf','CAP-2.5MM-RAD','Vishay BC','K151J15C0GF5TL2','Digikey','BC1015CT-ND','6','No'
32,'C','CAP-CER-2200PF-50V-X7R-RADIAL','CAP CER 2200PF 50V X7R RADIAL','CAP',,'https://product.tdk.com/info/en/documents/spec/leadmlccspec_conventional_en.pdf','CAP-5MM-RAD','TDK','FK28X7R1H222K','Digikey','445-5248-ND','6','No'
33,'C','CAP-CER-4700PF-50V-C0G-RADIAL','CAP CER 4700PF 50V C0G RADIAL','CAP',,'https://product.tdk.com/info/en/documents/catalog/leadmlcc_conventional_fk_en.pdf','CAP-5MM-RAD','TDK','FK28C0G1H472J','Digikey','445-8585-ND','6','No'
34,'C','CAP-CER-10000PF-50V-C0G-RADIAL','CAP CER 10000PF 50V C0G RADIAL','CAP',,'https://product.tdk.com/info/en/documents/catalog/leadmlcc_conventional_fk_en.pdf','CAP-2.5MM-RAD','TDK','FK18C0G1H103J','Digikey','445-8384-ND','6','No'
35,'C','CAP-CER-0.033UF-50V-C0G-RADIAL','CAP CER 0.033UF 50V C0G RADIAL','CAP',,'https://product.tdk.com/info/en/documents/catalog/leadmlcc_conventional_fk_en.pdf','CAP-5MM-RAD','TDK','FK24C0G1H333J','Digikey','445-8490-ND','8','No'
36,'C','CAP-CER-0.33UF-50V-X7R-RADIAL','CAP CER 0.33UF 50V X7R RADIAL','CAP',,'https://product.tdk.com/info/en/documents/catalog/leadmlcc_conventional_fk_en.pdf','CAP-5MM-RAD','TDK','FK24X7R1H334K','Digikey','445-5263-ND','9','No'
37,'C','CAP-CER-0.1UF-50V-C0G-RADIAL','CAP CER 0.1UF 50V C0G RADIAL','CAP',,'https://product.tdk.com/info/en/documents/catalog/leadmlcc_conventional_fk_en.pdf','CAP-5MM-RAD','TDK','FK26C0G1H104J','Digikey','445-8532-ND','20','No'
38,'C','CAP-CER-1UF-16V-X7R-RADIAL','CAP CER 1UF 16V X7R RADIAL','CAP',,'https://product.tdk.com/info/en/documents/catalog/leadmlcc_conventional_fk_en.pdf','CAP-5MM-RAD','TDK','FK28X7R1C105K','Digikey','445-8614-ND','4','No'
39,'C','CAP-CER-10UF-16V-X5R-RADIAL','CAP CER 10UF 16V X5R RADIAL','CAP',,'https://product.tdk.com/info/en/documents/catalog/leadmlcc_conventional_fk_en.pdf','CAP-2.5MM-RAD','TDK','FK14X5R1C106K','Digikey','445-8290-ND','8','No'
40,'C','CAP-CER-10UF-25V-X7R-RADIAL','CAP CER 10UF 25V X7R RADIAL','CAP',,'https://product.tdk.com/info/en/documents/catalog/leadmlcc_conventional_fk_en.pdf','CAP-2.5MM-RAD','TDK','FK16X7R1E106K','Digikey','445-8351-ND','3','No'
41,'C','CAP-CER-100UF-6.3V-X5R-RADIAL','CAP CER 100UF 6.3V X5R RADIAL','CAP',,'https://product.tdk.com/info/en/documents/catalog/leadmlcc_conventional_fk_en.pdf','CAP-5MM-RAD','TDK','FK20X5R0J107M','Digikey','445-8441-ND','5','No'
42,'C','CAP-CER-10UF-16V-X7R-0805','CAP CER 10UF 16V X7R 0805','CAP',,'http://www.samsungsem.com/kr/front/downloadcms.do?path=/kr/support/product-search/mlcc/__icsFiles/afieldfile/2014/11/05&fileName=C_CL21B104KACNNNC.pdf','805','Samsung','CL21B106KOQNNNE','Digikey','1276-2872-1-ND','0','No'
43,'C','CAP-CER-0.1UF-25V-X7R-0805','CAP CER 0.1UF 25V X7R 0805','CAP',,'http://www.samsungsem.com/kr/front/downloadcms.do?path=/kr/support/product-search/mlcc/__icsFiles/afieldfile/2014/11/05&fileName=C_CL21B104KACNNNC.pdf','805','Samsung','CL21B104KACNNNC','Digikey','1276-1099-1-ND','0','No'
44,'C','CAP-CER-1UF-25V-X7R-0805','CAP CER 1UF 25V X7R 0805','CAP',,'http://www.samsungsem.com/kr/front/downloadcms.do?path=/kr/support/product-search/mlcc/__icsFiles/afieldfile/2014/11/05&fileName=C_CL21B104KACNNNC.pdf','805','Samsung','CL21B105KAFNNNE','Digikey','1276-1066-1-ND','0','No'
45,'C','CAP-CER-560PF-50V-X7R-0402','CAP CER 560PF 50V X7R 0402','CAP',,'http://www.samsungsem.com/kr/support/product-search/mlcc/CL05B561KB5NNNC.jsp','402','Samsung','CL05B561KB5NNNC','Digikey','1276-1577-1-ND',,'No'
46,'C','CAP-CER-0.1UF-35V-X7R-0402','CAP CER 0.1UF 35V X7R 0402','CAP',,'https://product.tdk.com/info/en/documents/chara_sheet/C1005X7R1V104K050BB.pdf','402','Samsung','C1005X7R1V104K050BB','Digikey','445-7344-1-ND',,'No'
47,'C','CAP-CER-470PF-50V-X7R-0402','CAP CER 470PF 50V X7R 0402','CAP',,'http://www.samsungsem.com/kr/support/product-search/mlcc/CL05B471KB5NNNC.jsp','402','Samsung','CL05B471KB5NNNC','Digikey','1276-1566-1-ND',,'No'
48,'C','CAP-CER-1UF-35V-X5R-0402','CAP CER 1UF 35V X5R 0402','CAP',,'https://product.tdk.com/info/en/documents/chara_sheet/C1005X5R1V105K050BC.pdf','402','TDK','C1005X5R1V105K050BC','Digikey','445-9073-1-ND',,'No'
49,'C','CAP-CER-100NF-16V-X7R-0402','CAP CER 0.1UF 16V X7R 0402','CAP',,'http://www.samsungsem.com/kr/support/product-search/mlcc/CL05B104KO5NNNC.jsp','402','Samsung','CL05B104KO5NNNC','Digikey','1276-1001-1-ND','250','No'
50,'C','CAP-CER-100NF-10V-X7R-0402','CAP CER 0.1UF 10V X7R 0402','CAP',,'http://www.samsungsem.com/kr/support/product-search/mlcc/CL05B104KO5NNNC.jsp','402','Samsung','C0402C104K8PACTU','Digikey','399-3027-1-ND','90','No'
51,'C','CAP-CER-16PF-100V-X7S-0402','CAP CER 16PF 50V NP0 0402','CAP',,'http://search.murata.co.jp/Ceramy/image/img/A01X/G101/ENG/GRM1555C1H160JA01-01.pdf','402','Murata','GRM1555C1H160JA01D','Digikey','490-5926-1-ND','80','No'
52,'C','CAP-CER-10NF-100V-X7S-0402','CAP CER 10000PF 100V X7S 0402','CAP',,'https://product.tdk.com/info/en/catalog/datasheets/mlcc_commercial_midvoltage_en.pdf','402','TDK','C1005X7S2A103M050BB','Digikey','445-5200-1-ND','80','No'
53,'C','CAP-CER-10NF-50V-X7R-0402','CAP CER 10000PF 50V X7R 0402','CAP',,'http://www.digikey.com/en/ptm/k/kemet/capacitor-basics---typical-uses-for-capacitors?WT.pn_sku=399-3027-1-ND&WT.z_part_id=447601&WT.z_video_source=Part_Detail','402','Yageo','CC0402KRX7R9BB103','Digikey','311-1349-1-ND','90','No'
54,'C','CAP-CER-4.7UF-6.3V-X5R-0402','CAP CER 4.7UF 6.3V X5R 0402','CAP',,'https://product.tdk.com/info/en/catalog/spec/mlccspec_commercial_general_midvoltage_en.pdf','402','TDK','C1005X5R0J475M050BC','Digikey','445-7395-1-ND','25','No'
55,'C','CAP-CER-1UF-6.3V-X5R-0402','CAP CER 1UF 6.3V X5R 0402','CAP',,'http://search.murata.co.jp/Ceramy/image/img/A01X/G101/ENG/GRM155R60J105KE19-01.pdf','402','Murata','GRM155R60J105KE19D','Digikey','490-1320-1-ND','100','No'
56,'C','CAP-CER-10PF-50V-NP0-0603','CAP CER 10PF 50V NP0 0603','CAP',,'http://media.digikey.com/pdf/Data%20Sheets/Samsung%20PDFs/CL10C100JB8NCNC_spec.pdf','603','Samsung','CL10C100JB8NCNC','Digikey','1276-2154-1-ND','90','No'
57,'C','CAP-CER-18PF-16V-NP0-0603','CAP CER 18PF 16V NP0 0603','CAP',,'http://www.kemet.com/docfinder?Partnumber=C0603C180J4GACTU','603','Kemet','C0603C180J4GACTU','Digikey','399-11141-1-ND','8','No'
58,'C','CAP-CER-33PF-16V-X7R-0603','CAP CER 33PF 16V X7R 0603','CAP',,'http://catalogs.avx.com/SurfaceMount.pdf','603','AVX','0603YC330JAT2A','Digikey','478-6211-1-ND','25','No'
59,'C','CAP-CER-120PF-50V-NP0-0603','CAP CER 120PF 50V NP0 0603','CAP',,'http://www.kemet.com/docfinder?Partnumber=C0603C121J5GACTU','603','Kemet','C0603C121J5GACTU','Digikey','399-1062-1-ND','7','No'
60,'C','CAP-CER-1000PF-50V-X7R-0603','CAP CER 1000PF 50V X7R 0603','CAP',,'http://search.murata.co.jp/Ceramy/image/img/A01X/G101/ENG/GRM188R71H102KA01-01.pdf','603','Murata','GRM188R71H102KA01D','Digikey','490-1494-1-ND','4','No'
61,'C','CAP-CER-6800PF-50V-X7R-0603','CAP CER 6800PF 50V X7R 0603','CAP',,'http://www.kemet.com/docfinder?Partnumber=C0603C121J5GACTU','603','Kemet','C0603C682K5RACTU','Digikey','399-1089-1-ND','7','No'
62,'C','CAP-CER-10000PF-50V-X7R-0603','CAP CER 10000PF 50V X7R 0603','CAP',,'http://www.samsungsem.com/kr/support/product-search/mlcc/CL10B103KB8NNNC.jsp','603','Samsung','CL10B103KB8NNNC','Digikey','1276-1009-1-ND','185','No'
63,'C','CAP-CER-0.022UF-50V-X7R-0603','CAP CER 0.022UF 50V X7R 0603','CAP',,'http://www.samsungsem.com/kr/support/product-search/mlcc/CL10B223KB8SFNC.jsp','603','Samsung','CL10B223KB8SFNC','Digikey','1276-2004-1-ND','4','No'
64,'C','CAP-CER-0.1UF-100V-X7R-0603','CAP CER 0.1UF 100V X7R 0603','CAP',,'http://search.murata.co.jp/Ceramy/image/img/A01X/partnumbering_e_01.pdf','603','Murata','GRM188R72A104KA35D','Digikey','490-3285-1-ND','30','No'
65,'D','DIODE-ZENER-3.6V-1W-DO41','DIODE ZENER 3.6V 1W DO41','DIODE-ZENER',,'http://www.fairchildsemi.com/datasheets/BZ/BZX85C10.pdf','DO41','Fairchild','BZX85C3V6','Digikey','BZX85C3V6-ND','20','No'
66,'D','DIODE-TVS-SOT5','DIODE TVS SOT5','DIODE-TVS',,'http://www.ti.com/lit/ds/symlink/tpd3e001.pdf','SOT5','TI','TPD3E001DRLR','Digikey','296-21885-1-ND','10','No'
67,'D','DIODE-GEN-PURP-75V-250MA-SOD323','DIODE GEN PURP 75V 250MA SOD323','DIODE',,'http://www.vishay.com/docs/85752/bas16ws.pdf','SOD323','Vishay','BAS16WS-E3-08','Digikey','BAS16WS-E3-08CT-ND',,'No'
68,'D','DIODE-SCHOTTKY-40V-1A-SMA','DIODE SCHOTTKY 40V 1A SMA','DIODE-SCHOTTKY',,'http://www.vishay.com/docs/94301/vs-mbra140trpbf.pdf','SMA','Vishay','VS-MBRA140TRPBF','Digikey','VS-MBRA140TRPBFCT-ND',,'No'
69,'D','DIODE-SCHOTTKY-40V-250MA-SOD323','DIODE SCHOTTKY 40V 250MA SOD323','DIODE-SCHOTTKY',,'http://www.onsemi.com/pub_link/Collateral/NSR0240H-D.PDF','SOD323','ON Semi','NSR0240HT1G','Digikey','NSR0240HT1GOSCT-ND','4','No'
70,'D','DIODE-GEN-PURP-50V-1A-DO41','DIODE GEN PURP 50V 1A DO41','DIODE',,'http://www.mccsemi.com/up_pdf/1N4001-1N4007(DO-41).pdf','DO41','Micro Comm','1N4001-TP','Digikey','1N4001-TPMSCT-ND','50','No'
71,'D','DIODE-SCHOTTKY-20V-1A-DO214AC','DIODE SCHOTTKY 20V 1A DO214AC','DIODE-SCHOTTKY',,'http://www.vishay.com/docs/88746/ss12.pdf','DO214AC','Vishay','SS12-E3/61T','Digikey','SS12-E3/61TGICT-ND','30','No'
72,'D','DIODE-SCHOTTKY-20V-1A-SMA','DIODE SCHOTTKY 20V 1A SMA','DIODE-SCHOTTKY',,'http://www.diodes.com/_files/datasheets/ds13002.pdf','SMA','Diodes Inc','B120-13-F','Digikey','B120-FDICT-ND','4','No'
73,'J','CONN-MICRO-SD-CARD-HINGED-TYPE','CONN MICRO SD CARD HINGED TYPE','CONN-SD',,'http://www.molex.com/pdm_docs/sd/5009010801_sd.pdf','SD-5009010801','Molex','5009010801','Digikey','WM19081CT-ND','5','No'
74,'J','CONN-SMA-JACK-R/A-50-OHM-TH','CONN SMA JACK R/A 50 OHM PCB','CONN-SMA',,'http://drawings.amphenolrf.com/Customer_Outline/C901-143-6RFX.pdf','SMA-RA','Amphenol','901-143-6RFX','Digikey','ARFX1232-ND','8','No'
75,'J','CONN-SMA-JACK-STR-50-OHM-TH','CONN SMA JACK STR 50 OHM TH','CONN-SMA',,'http://www.te.com/commerce/DocumentDelivery/DDEController?Action=srchrtrv&DocNm=1814832&DocType=Customer+Drawing&DocLang=English','SMA','TE Conn','5-1814832-1','Digikey','A97594-ND','1','No'
76,'J','CONN-BNC-JACK-R/A-50-OHM-TH','CONN BNC JACK R/A 50 OHM PCB','CONN-BNC',,'http://www.molex.com/pdm_docs/sd/731000105_sd.pdf','BNC-RA','Molex','731000105','Digikey','WM5524-ND','3','No'
77,'J','CONN-SIM/SAM-CARD-HINGED-TYPE-C707SIM','CONN SIM/SAM CARD HINGED TYPE','C707SIM',,'http://www.amphenol.info/downloads/C707_10M006_500_2.pdf','C707SIM','Amphenol','C707 10M006 5002','Digikey','361-1020-1-ND','2','No'
78,'J','CR2032-BATTERY-STRAP-SMT-FLATPIN','CR2032 BATTERY STRAP SMT  FLATPIN','BATTERY',,'http://www.memoryprotectiondevices.com/datasheets/BC-2003-datasheet.pdf','CR2032-BC-2003','MPD','BC-2003-TR','Digikey','BC-2003-TR-CT-ND','2','No'
79,'J','HEADER-FEMALE-18POS-SMT-2x9-P2MM','HEADER FEMALE 18POS 2x9 2MM','CONN-2x09',,'http://media.digikey.com/pdf/Data%20Sheets/Sullins%20PDFs/NPPNxx2GFNx-RC%2010484(1).pdf','CONN-2x09-2MM','Sullins','NPPN092GFNP-RC','Digikey','S6013-09-ND','5','No'
80,'J','HEADER-MALE-20POS-SMT-1x20-P2MM','HEADER MALE 20POS 1x20 2MM','CONN-1x20',,'https://cdn.harwin.com/pdfs/M22-251.pdf','CONN-1x20-2MM','Harwin','M22-2512005','Digikey','952-1892-ND','10','No'
81,'J','HEADER-FEMALE-10POS-SMT-2x5-P2MM','HEADER FEMALE 10POS 2x5 2MM','CONN-2x05',,'http://www.sullinscorp.com/images/NPPNxx2FFKx-RC-10485.pdf','CONN-2x05-2MM','Sullins','NPPN052FFKS-RC','Digikey','S6010-05-ND','5','No'
82,'J','HEADER-FEMALE-6POS-TH-2x3-P0.1IN','HEADER FEMALE 6POS 2x3 0.1”','CONN-2x03',,'http://www.te.com/commerce/DocumentDelivery/DDEController?Action=srchrtrv&DocNm=215079&DocType=Customer+Drawing&DocLang=English','CONN-215079-6','TE Conn','7-215079-6','Digikey','A30729CT-ND','10','No'
83,'J','HEADER-FEMALE-4POS-TH-2x2-P0.1IN','HEADER FEMALE 4POS 2x2 0.1”','CONN-2x02',,'http://www.te.com/commerce/DocumentDelivery/DDEController?Action=srchrtrv&DocNm=215079&DocType=Customer+Drawing&DocLang=English','CONN-215079-4','TE Conn','7-215079-4','Digikey','A99472CT-ND','20','No'
84,'J','HEADER-FEMALE-30POS-TH-2x15-P0.05IN-KEYED','HEADER FEMALE 30POS 2x15 0.05” TH KEYED','CONN-2x15',,'http://suddendocs.samtec.com/catalog_english/sfm.pdf','SFML-115-01-S-D','Samtek','SFML-115-01-S-D','Digikey','SAM8711-ND','4','No'
85,'J','HEADER-FEMALE-30POS-SMT-2x15-P0.05IN-KEYED','HEADER FEMALE 30POS 2x15 0.05” SMT KEYED','CONN-1x01',,'http://suddendocs.samtec.com/catalog_english/sfm.pdf','SFML-115-T2-S-D','Samtek','SFML-115-T2-S-D','Digikey','SAM8244-ND','4','No'
86,'J','HEADER-FEMALE-2POS-TH-1x02-P0.1IN','HEADER FEMALE 2POS TH 1x02 0.1”','CONN-1x02',,'https://cdn.harwin.com/pdfs/60page140.pdf','CONN-1x02-2.54MM-TH','Harwin','M20-7820246','Digikey','952-1776-ND','Many','No'
87,'J','HEADER-FEMALE-3POS-TH-1x03-P0.1IN','HEADER FEMALE 3POS TH 1x03 0.1”','CONN-1x03',,'https://cdn.harwin.com/pdfs/60page140.pdf','CONN-1x03-2.54MM-TH','Harwin','M20-7820246','Digikey','952-1784-ND','Many','No'
88,'J','HEADER-FEMALE-4POS-TH-1x04-P0.1IN','HEADER FEMALE 4POS TH 1x04 0.1”','CONN-1x04',,'https://cdn.harwin.com/pdfs/60page140.pdf','CONN-1x04-2.54MM-TH','Harwin','M20-7820446','Digikey','952-1792-ND','Many','No'
89,'J','HEADER-FEMALE-5POS-TH-1x05-P0.1IN','HEADER FEMALE 5POS TH 1x05 0.1”','CONN-1x05',,'https://cdn.harwin.com/pdfs/60page140.pdf','CONN-1x05-2.54MM-TH','Harwin','M20-7820542','Digikey','952-1801-ND','Many','No'
90,'J','HEADER-FEMALE-6POS-TH-1x06-P0.1IN','HEADER FEMALE 6POS TH 1x06 0.1”','CONN-1x06',,'https://cdn.harwin.com/pdfs/60page140.pdf','CONN-1x06-2.54MM-TH','Harwin','M20-7820642','Digikey','952-1808-ND','Many','No'
91,'J','HEADER-FEMALE-7POS-TH-1x07-P0.1IN','HEADER FEMALE 7POS TH 1x07 0.1”','CONN-1x07',,'https://cdn.harwin.com/pdfs/60page140.pdf','CONN-1x07-2.54MM-TH','Harwin','M20-7822046','Digikey','952-1905-ND','Many','No'
92,'J','HEADER-FEMALE-8POS-TH-1x08-P0.1IN','HEADER FEMALE 8POS TH 1x08 0.1”','CONN-1x08',,'https://cdn.harwin.com/pdfs/60page140.pdf','CONN-1x08-2.54MM-TH','Harwin','M20-7820842','Digikey','952-1823-ND','Many','No'
93,'J','HEADER-FEMALE-9POS-TH-1x09-P0.1IN','HEADER FEMALE 9POS TH 1x09 0.1”','CONN-1x09',,'https://cdn.harwin.com/pdfs/60page140.pdf','CONN-1x09-2.54MM-TH','Harwin','M20-7822046','Digikey','952-1905-ND','Many','No'
94,'J','HEADER-FEMALE-10POS-TH-1x10-P0.1IN','HEADER FEMALE 10POS TH 1x10 0.1”','CONN-1x10',,'https://cdn.harwin.com/pdfs/60page140.pdf','CONN-1x10-2.54MM-TH','Harwin','M20-7821042','Digikey','952-1846-ND','Many','No'
95,'J','HEADER-FEMALE-11POS-TH-1x11-P0.1IN','HEADER FEMALE 11POS TH 1x11 0.1”','CONN-1x11',,'https://cdn.harwin.com/pdfs/60page140.pdf','CONN-1x11-2.54MM-TH','Harwin','M20-7822046','Digikey','952-1905-ND','Many','No'
96,'J','HEADER-FEMALE-12POS-TH-1x12-P0.1IN','HEADER FEMALE 12POS TH 1x12 0.1”','CONN-1x12',,'https://cdn.harwin.com/pdfs/60page140.pdf','CONN-1x12-2.54MM-TH','Harwin','M20-7822046','Digikey','952-1905-ND','Many','No'
97,'J','HEADER-FEMALE-13POS-TH-1x13-P0.1IN','HEADER FEMALE 13POS TH 1x13 0.1”','CONN-1x13',,'https://cdn.harwin.com/pdfs/60page140.pdf','CONN-1x13-2.54MM-TH','Harwin','M20-7822046','Digikey','952-1905-ND','Many','No'
98,'J','HEADER-FEMALE-14POS-TH-1x14-P0.1IN','HEADER FEMALE 14POS TH 1x14 0.1”','CONN-1x14',,'https://cdn.harwin.com/pdfs/60page140.pdf','CONN-1x14-2.54MM-TH','Harwin','M20-7822046','Digikey','952-1905-ND','Many','No'
99,'J','HEADER-FEMALE-15POS-TH-1x15-P0.1IN','HEADER FEMALE 15POS TH 1x15 0.1”','CONN-1x15',,'https://cdn.harwin.com/pdfs/60page140.pdf','CONN-1x15-2.54MM-TH','Harwin','M20-7822046','Digikey','952-1905-ND','Many','No'
100,'J','HEADER-FEMALE-16POS-TH-1x16-P0.1IN','HEADER FEMALE 16POS TH 1x16 0.1”','CONN-1x16',,'https://cdn.harwin.com/pdfs/60page140.pdf','CONN-1x16-2.54MM-TH','Harwin','M20-7822046','Digikey','952-1905-ND','Many','No'
101,'J','HEADER-FEMALE-17POS-TH-1x17-P0.1IN','HEADER FEMALE 17POS TH 1x17 0.1”','CONN-1x17',,'https://cdn.harwin.com/pdfs/60page140.pdf','CONN-1x17-2.54MM-TH','Harwin','M20-7822046','Digikey','952-1905-ND','Many','No'
102,'J','HEADER-FEMALE-18POS-TH-1x18-P0.1IN','HEADER FEMALE 18POS TH 1x18 0.1”','CONN-1x18',,'https://cdn.harwin.com/pdfs/60page140.pdf','CONN-1x18-2.54MM-TH','Harwin','M20-7822046','Digikey','952-1905-ND','Many','No'
103,'J','HEADER-FEMALE-19POS-TH-1x19-P0.1IN','HEADER FEMALE 19POS TH 1x19 0.1”','CONN-1x19',,'https://cdn.harwin.com/pdfs/60page140.pdf','CONN-1x19-2.54MM-TH','Harwin','M20-7822046','Digikey','952-1905-ND','Many','No'
104,'J','HEADER-FEMALE-20POS-TH-1x20-P0.1IN','HEADER FEMALE 20POS TH 1x20 0.1”','CONN-1x20',,'https://cdn.harwin.com/pdfs/60page140.pdf','CONN-1x20-2.54MM-TH','Harwin','M20-7822046','Digikey','952-1905-ND','Many','No'
105,'J','HEADER-FEMALE-25POS-TH-1x25-P0.1IN','HEADER FEMALE 25POS TH 1x25 0.1”','CONN-1x25',,'http://www.sullinscorp.com/drawings/78_P(N)PxCxxxLFBN-RC_10492-H.pdf','CONN-1x25-2.54MM-TH','Harwin','PPTC251LFBN-RC','Digikey','S7023-ND','Many','No'
106,'J','HEADER-MALE-1POS-TH-1x01','HEADER MALE 1POS','CONN-1x01',,'https://cdn.harwin.com/pdfs/60page140.pdf','CONN-1x01-2.54MM-TH','Harwin','M20-9992046','Digikey','952-1902-ND','Many','No'
107,'J','HEADER-MALE-2POS-TH-1x02-P0.1IN','HEADER MALE 2POS TH 1x02 0.1”','CONN-1x02',,'https://cdn.harwin.com/pdfs/60page140.pdf','CONN-1x02-2.54MM-TH','Harwin','M20-9990246','Digikey','952-2262-ND','Many','No'
108,'J','HEADER-MALE-3POS-TH-1x03-P0.1IN','HEADER MALE 3POS TH 1x03 0.1”','CONN-1x03',,'https://cdn.harwin.com/pdfs/60page140.pdf','CONN-1x03-2.54MM-TH','Harwin','M20-9992046','Digikey','952-1902-ND','Many','No'
109,'J','HEADER-MALE-4POS-TH-1x04-P0.1IN','HEADER MALE 4POS TH 1x04 0.1”','CONN-1x04',,'https://cdn.harwin.com/pdfs/60page140.pdf','CONN-1x04-2.54MM-TH','Harwin','M20-9992046','Digikey','952-1902-ND','Many','No'
110,'J','HEADER-MALE-5POS-TH-1x05-P0.1IN','HEADER MALE 5POS TH 1x05 0.1”','CONN-1x05',,'https://cdn.harwin.com/pdfs/60page140.pdf','CONN-1x05-2.54MM-TH','Harwin','M20-9992046','Digikey','952-1902-ND','Many','No'
111,'J','HEADER-MALE-6POS-TH-1x06-P0.1IN','HEADER MALE 6POS TH 1x06 0.1”','CONN-1x06',,'https://cdn.harwin.com/pdfs/60page140.pdf','CONN-1x06-2.54MM-TH','Harwin','M20-9992046','Digikey','952-1902-ND','Many','No'
112,'J','HEADER-MALE-7POS-TH-1x07-P0.1IN','HEADER MALE 7POS TH 1x07 0.1”','CONN-1x07',,'https://cdn.harwin.com/pdfs/60page140.pdf','CONN-1x07-2.54MM-TH','Harwin','M20-9992046','Digikey','952-1902-ND','Many','No'
113,'J','HEADER-MALE-8POS-TH-1x08-P0.1IN','HEADER MALE 8POS TH 1x08 0.1”','CONN-1x08',,'https://cdn.harwin.com/pdfs/60page140.pdf','CONN-1x08-2.54MM-TH','Harwin','M20-9992046','Digikey','952-1902-ND','Many','No'
114,'J','HEADER-MALE-9POS-TH-1x09-P0.1IN','HEADER MALE 9POS TH 1x09 0.1”','CONN-1x09',,'https://cdn.harwin.com/pdfs/60page140.pdf','CONN-1x09-2.54MM-TH','Harwin','M20-9992046','Digikey','952-1902-ND','Many','No'
115,'J','HEADER-MALE-10POS-TH-1x10-P0.1IN','HEADER MALE 10POS TH 1x10 0.1”','CONN-1x10',,'https://cdn.harwin.com/pdfs/60page140.pdf','CONN-1x10-2.54MM-TH','Harwin','M20-9992046','Digikey','952-1902-ND','Many','No'
116,'J','HEADER-MALE-11POS-TH-1x11-P0.1IN','HEADER MALE 11POS TH 1x11 0.1”','CONN-1x11',,'https://cdn.harwin.com/pdfs/60page140.pdf','CONN-1x11-2.54MM-TH','Harwin','M20-9992046','Digikey','952-1902-ND','Many','No'
117,'J','HEADER-MALE-12POS-TH-1x12-P0.1IN','HEADER MALE 12POS TH 1x12 0.1”','CONN-1x12',,'https://cdn.harwin.com/pdfs/60page140.pdf','CONN-1x12-2.54MM-TH','Harwin','M20-9992046','Digikey','952-1902-ND','Many','No'
118,'J','HEADER-MALE-13POS-TH-1x13-P0.1IN','HEADER MALE 13POS TH 1x13 0.1”','CONN-1x13',,'https://cdn.harwin.com/pdfs/60page140.pdf','CONN-1x13-2.54MM-TH','Harwin','M20-9992046','Digikey','952-1902-ND','Many','No'
119,'J','HEADER-MALE-14POS-TH-1x14-P0.1IN','HEADER MALE 14POS TH 1x14 0.1”','CONN-1x14',,'https://cdn.harwin.com/pdfs/60page140.pdf','CONN-1x14-2.54MM-TH','Harwin','M20-9992046','Digikey','952-1902-ND','Many','No'
120,'J','HEADER-MALE-15POS-TH-1x15-P0.1IN','HEADER MALE 15POS TH 1x15 0.1”','CONN-1x15',,'https://cdn.harwin.com/pdfs/60page140.pdf','CONN-1x15-2.54MM-TH','Harwin','M20-9992046','Digikey','952-1902-ND','Many','No'
121,'J','HEADER-MALE-16POS-TH-1x16-P0.1IN','HEADER MALE 16POS TH 1x16 0.1”','CONN-1x16',,'https://cdn.harwin.com/pdfs/60page140.pdf','CONN-1x16-2.54MM-TH','Harwin','M20-9992046','Digikey','952-1902-ND','Many','No'
122,'J','HEADER-MALE-17POS-TH-1x17-P0.1IN','HEADER MALE 17POS TH 1x17 0.1”','CONN-1x17',,'https://cdn.harwin.com/pdfs/60page140.pdf','CONN-1x17-2.54MM-TH','Harwin','M20-9992046','Digikey','952-1902-ND','Many','No'
123,'J','HEADER-MALE-18POS-TH-1x18-P0.1IN','HEADER MALE 18POS TH 1x18 0.1”','CONN-1x18',,'https://cdn.harwin.com/pdfs/60page140.pdf','CONN-1x18-2.54MM-TH','Harwin','M20-9992046','Digikey','952-1902-ND','Many','No'
124,'J','HEADER-MALE-19POS-TH-1x19-P0.1IN','HEADER MALE 19POS TH 1x19 0.1”','CONN-1x19',,'https://cdn.harwin.com/pdfs/60page140.pdf','CONN-1x19-2.54MM-TH','Harwin','M20-9992046','Digikey','952-1902-ND','Many','No'
125,'J','HEADER-MALE-20POS-TH-1x20-P0.1IN','HEADER MALE 20POS TH 1x20 0.1”','CONN-1x20',,'https://cdn.harwin.com/pdfs/60page140.pdf','CONN-1x20-2.54MM-TH','Harwin','M20-9992046','Digikey','952-1902-ND','Many','No'
126,'J','HEADER-MALE-25POS-TH-1x25-P0.1IN','HEADER MALE 25POS TH 1x25 0.1”','CONN-1x25',,'https://cdn.harwin.com/pdfs/60page140.pdf','CONN-1x25-2.54MM-TH','Harwin','M20-9992046','Digikey','952-1902-ND','Many','No'
127,'J','HEADER-MALE-12POS-TH-1x12-P0.1IN-R/A','HEADER MALE 12POS TH .100 R/A','CONN-3x04',,'http://suddendocs.samtec.com/catalog_english/tsw_th.pdf','CONN-3x04-2.54MM-TH-RA','Samtec','TSW-104-09-F-T-RA','Digikey','TSW-104-09-F-T-RA-ND','4','No'
128,'J','HEADER-MALE-10POS-TH-2x5-P0.1IN-KEY-SHROUDED-JTAG','HEADER MALE SHROUDED 10POS 2x5 0.1” KEY JTAG','CONN-2x5-JTAG',,'http://multimedia.3m.com/mws/mediawebserver?6666660Zjcf6lVs6EVs666UdhCOrrrrQ-','CONN-2x05-3M-JTAG','3M','30310-6002HB','Digikey','30310-6002HB-ND','4','No'
129,'J','HEADER-FEMALE-50POS-TH-P0.1IN-KEYED','HEADER FEMALE 50POS STRAIGHT 0.1”  KEYED','CONN-2x25',,'http://www.components.omron.com/components/web/pdflib.nsf/0/1D642D622E2FDCF685257201007DD590/$file/XG4_0914.pdf','CONN-2x25-XG4-KEY','Omron','XG4H-5031','Digikey','OR1106-ND','8','No'
130,'J','HEADER-FEMALE-20POS-TH-2x20-P0.1IN','HEADER FEMALE 20POS TH 2x20 0.1”','CONN-2x20',,'http://www.sullinscorp.com/drawings/78_P(N)PxCxxxLFBN-RC_10492-H.pdf','CONN-2x20-2.54MM-TH','Sullins','PPPC102LFBN-RC','Digikey','S6106-ND','11','No'
131,'J','KEYBOARD-MATRIX-3X4-8PIN-ADAFRUIT','3X4 PHONE-STYLE MATRIX KEYBOARD','KEYPAD',,'https://www.adafruit.com/products/1824?gclid=CP3SyvWd4ssCFVBffgodT5YP6Q','KEYPAD-8PIN-2.54MM-TH','Adafruit','1824','Adafruit','1824','1','No'
132,'J','CONN-USB-MICRO-B-10118193','USB MICRO-B RECEPTACLE 5PIN SMT R/A STUDS','USB-MICRO-B',,'http://portal.fciconnect.com/Comergent//fci/drawing/10118193.pdf','USB-10118193','Amphenol','10118193-0001LF','Digikey','609-4616-1-ND','50','No'
133,'J','CONN-HEADER-LIPO-PH-SIDE-2POS-2MM-SMD','CONN HEADER PH SIDE 2POS 2MM SMD','CONN-1x02',,'http://www.jst-mfg.com/product/pdf/eng/ePH.pdf','2PH','JST','S2B-PH-SM4-TB(LF)(SN)','Digikey','455-1749-1-ND','10','No'
134,'J','CONN-PWR-JACK-2.0X6.5MM-HIGH-CUR','CONN PWR JACK 2.0X6.5MM HIGH CUR','JACK-BARREL',,'http://www.cui.com/product/resource/digikeypdf/pj-202ah.pdf','PJ-202AH','Panasonic','PJ-202AH','Digikey','CP-202AH-ND','0','No'
135,'J','EM-506-GPS-RECEIVER','EM-506 GPS RECEIVER','EM-506-GPS',,'http://cdn.sparkfun.com/datasheets/GPS/EM506_um.pdf','EM-506-GPS','Sparkfun','EM-506','Sparkfun','GPS-12751','1','No'
136,'J','ARDUINO-101','ARDUINO 101','ARDUINO-101',,'https://www.adafruit.com/products/2891','ARDU-UNOSHIELD','Arduino','Arduino 101','Adafruit','2891','1','No'
137,'J','CONN-PWR-JACK-2.5X5.5MM-HIGH-CUR','CONN PWR JACK 2.5X5.5MM HIGH CUR','JACK-BARREL',,'http://www.cui.com/product/resource/digikeypdf/pj-202bh.pdf','PJ-202BH','CUI','PJ-202BH','Digikey','PJ-202BH','1','No'
138,'J','ADAFRUIT-FONA-808-GPS','ADAFRUIT FONA 808 + GPS','FONA-808',,'https://www.adafruit.com/products/2542','FONA808-GPS','Adafruit','FONA808+GPS','Adafruit','2542','1','No'
139,'J','SPARKFUN-CAN-BUS-SHIELD','CAN-BUS SHIELD','ARDUINOSHIELD',,,'ARDUINOSHIELD','Sparkfun','DEV-13262','Sparkfun','DEV-13262','1','No'
140,'J','HEADER-FEMALE-DB9-SERIAL-TH-9PIN','CONN FEMALE DB9 SERIAL TH 9PIN','CONN-DB9-FEMALE',,'http://www.te.com/commerce/DocumentDelivery/DDEController?Action=srchrtrv&DocNm=1734354&DocType=Customer+Drawing&DocLang=English','DB9-FEMALE','TE Conn','1734354-1','Digikey','A35107-ND','0','No'
141,'J','HEADER-MALE-DB9-SERIAL-TH-9PIN','CONN MALE DB9 SERIAL TH 9PIN','CONN-DB9-MALE',,'http://www.te.com/commerce/DocumentDelivery/DDEController?Action=srchrtrv&DocNm=1634580&DocType=Customer+Drawing&DocLang=English','DB9-MALE','TE Conn','1-1634580-2','Digikey','A109020-ND','0','No'
142,'J','CONN-JACK-STEREO-R/A-3PIN-3.5MM','CONN JACK STEREO R/A 3PIN 3.5MM','JACK-STEREO',,'http://www.cui.com/product/resource/digikeypdf/sj1-352xn_series.pdf','SJ1-3523N','CUI','SJ1-3523N','Digikey','CP1-3523N-ND','4','No'
143,'J','CONN-USB-A-R/A','CONN USB-A R/A','CONN-USB-A',,'http://www.keyelco.com/product-pdf.cfm?p=2859','USB-A-RA-931','Keystone','931','Digikey','36-931-ND','7','No'
144,'J','CONN-SD-CARD-PUSH-PULL-R/A-SMD','CONN SD CARD PUSH-PULL R/A SMD','CONN-SD',,'http://www.te.com/commerce/DocumentDelivery/DDEController?Action=srchrtrv&DocNm=2041021&DocType=Customer+Drawing&DocLang=English','SD-2041021-4','TE Conn','2041021-4','Digikey','A101492CT-ND','2','No'
145,'JP','SHUNT-JUMPER-2PIN-P0.1IN','SHUNT JUMPER 0.1IN BLACK GOLD','2PIN-SHUNT',,'http://multimedia.3m.com/mws/mediawebserver?66666UuZjcFSLXTtNxTElXf6EVuQEcuZgVs6EVs6E666666--','CONN-1x02-2.54MM-TH','3M','969102-0000-DA','Digikey','3M9580-ND','35','No'
146,'L','FIXED-IND-3.3UH-575MA-300-MOHM','FIXED IND 3.3UH 575MA 300 MOHM','IND-SINGLE',,'http://www.bourns.com/docs/Product-Datasheets/78f_series.pdf','78F-AXIAL','Bourns','78F3R3J-RC','Digikey','78F3R3J-RC-ND','8','No'
147,'L','FIXED-IND-3.3NH-500MA-150-MOHM','FIXED IND 3.3NH 500MA 150 MOHM','IND-SINGLE',,'http://search.murata.co.jp/Ceramy/image/img/PDF/ENG/L0075S0083LQG18H.pdf','603','Murata','LQG18HN3N3S00D','Digikey','490-1104-1-ND','9','No'
148,'L','FIXED-IND-6.8NH-430MA-250-MOHM','FIXED IND 6.8NH 430MA 250 MOHM','IND-SINGLE',,'http://search.murata.co.jp/Ceramy/image/img/PDF/ENG/L0075S0083LQG18H.pdf','603','Murata','LQG18HN6N8J00D','Digikey','490-1108-1-ND','9','No'
149,'L','FERRITE-BEAD-220-OHM-0402-1LN','FERRITE BEAD 220 OHM 0402 1LN','IND-SINGLE',,'http://cdn.lairdtech.com/home/brandworld/files/Catalog_EMI%20Filtering%20&%20RF%20Inductors.pdf','402','Laird-Signal','LI0402C221R-10','Digikey','240-2554-1-ND','4','No'
150,'L','FIXED-IND-10UH-225MA-1.2-OHM-SMD','FIXED IND 10UH 225MA 1.2 OHM SMD','IND-SINGLE',,'http://search.murata.co.jp/Ceramy/image/img/PDF/ENG/L0075S0103LQH2MC_02.pdf','806','Murata','LQH2MCN100K02L','Digikey','490-4046-1-ND','4','No'
151,'L','FIXED-IND-4.7UH-600MA-344.5-MOHM','FIXED IND 4.7UH 600MA 344.5 MOHM','IND-SINGLE',,'http://ds.yuden.co.jp/TYCOMPAS/ut/detail.do?productNo=BRC2012T4R7MD&fileName=BRC2012T4R7MD_SS&mode=specSheetDownload','805','Taiyo Yuden','BRC2012T4R7MD','Digikey','587-2907-1-ND','23','No'
152,'LCD','LCD-MODULE-16X2-CHARACTER-1602','LCD MODULE 16X2 CHARACTER 1602','LCD-1602',,,'LCD-1602',,,,,'0','No'
153,'LCD','LCD-MODULE-16X2-CHARACTER-1602A','LCD MODULE 16X2 CHARACTER 1602A','LCD-1602',,'https://www.adafruit.com/datasheets/TC1602A-01T.pdf','LCD-1602A','Tinsharp','TC1602A-09T','Adafruit','181','4','No'
154,'LCD','LCD-MODULE-16X2-CHARACTER-1602B','LCD MODULE 16X2 CHARACTER 1602B','LCD-1602',,,'LCD-1602B',,,,,'0','No'
155,'LED','LED-RED-GREEN-3PIN-TH-WP59EGC','LED GREEN/RED CLEAR ROUND T/H','LED-2-COMMON-CAT',,'http://www.kingbrightusa.com/images/catalog/SPEC/WP59EGC.pdf','LED-5MMD-3PIN-2.54MMP','Kingbright','WP59EGC','Digikey','754-1471-ND','10','No'
156,'LED','LED-RED-GREEN-4PLCC-SMT-15014RV73100','LED GREEN/RED CLEAR 4PLCC SMD','LED-2-COMMON-CAT',,'http://katalog.we-online.de/led/datasheet/150141RV73100.pdf','LED-4PLCC','Wurth','150141RV73100','Digikey','732-5001-1-ND','6','No'
157,'LED','LED-RED-GREEN-3PIN-TH-XLUGR59M','LED GRN/RED DIFF 5MM ROUND T/H','LED-2-COMMON-CAT',,'http://www.sunledusa.com/products/spec/XLUGR59M.pdf','LED-5MMD-3PIN-2.54MMP','SunLED','XLUGR59M','Digikey','1497-1027-ND','10','No'
158,'LED','LED-GREEN-YELLOW-3PIN-TH-WP115WGYW','LED GRN/YLW DIFF 3MM ROUND T/H','LED-2-COMMON-CAT',,'http://www.kingbrightusa.com/images/catalog/SPEC/WP115WGYW.pdf','LED-3MM-3PIN','Kingbright','WP115WGYW','Digikey','754-1864-ND','10','No'
159,'LED','LED-GREEN-RED-YELLOW-4PLCC-SMT-SMP4-SRGY','LED GRN/RED/YLW CLEAR 4PLCC SMD','LED-3-COMMON-ANODE',,'http://www.bivar.com/portals/0/products/SMP4-SRGY.pdf','LED-4PLCC','Bivar Inc','SMP4-SRGY','Digikey','492-1227-1-ND','3','No'
160,'LED','LED-GREEN-YELLOW-1210-SMT-LTST-C155GYKT','LED GREEN/YLW CLEAR 1210 SMD','LED-2-COMMON-CAT',,'http://optoelectronics.liteon.com/upload/download/DS-22-98-0007/S_110_LTST-C155GYKT.pdf','LED-LTST-CHIP','Lite-On','LTST-C155GYKT','Digikey','160-1171-1-ND','10','No'
161,'LED','LED-GREEN-YELLOW-3PIN-TH-XLUGY34M','LED GRN/YLW DIFF 3MM ROUND T/H','LED-2-COMMON-CAT',,'http://www.sunledusa.com/products/spec/XLUGY34M.pdf','LED-3MM-3PIN','SunLED','XLUGY34M','Digikey','1497-1028-ND','10','No'
162,'LED','LED-GREEN-YELLOW-0603-SMT-APTB1615SYKCGKC','LED GREEN/YLW CLEAR 0606 SMD','LED-2-COMMON-CAT',,'http://www.kingbrightusa.com/images/catalog/SPEC/APTB1615SYKCGKC-F01.pdf','LED-APTB-CHIP','Kingbright','APTB1615SYKCGKC-F01','Digikey','754-1150-1-ND','10','No'
163,'LED','5050-RGB-LED-with-Integrated-Chip-Driver','5050 RGB LED with Integrated Chip Driver','LED-NEOPIXEL-4PIN',,'https://www.adafruit.com/images/product-files/1138/SK6812%20LED%20datasheet%20.pdf','RGBLED5050','Adafruit','5050 RGB LED','Adafruit','1655','20','No'
164,'LED','LED-RED-2PIN-TH-MT4118-HR-A','LED RED DIFF 5MM ROUND T/H','LED',,'http://www.marktechopto.com/products/datasheet/MT4118-HR-A','LED-5MMD-2PIN-2.54MMP','Marktech Opto','MT4118-HR-A','Digikey','1125-1188-ND','50','No'
165,'LED','LED-GREEN-2PIN-TH-MT2118-G-A','LED GRN DIFF 5MM ROUND T/H','LED',,'http://www.marktechopto.com/products/datasheet/MT2118-G-A','LED-5MMD-2PIN-2.54MMP','Marktech Opto','MT2118-G-A','Digikey','1125-1184-ND','20','No'
166,'LED','LED-BLUE-2PIN-TH-C503B-BCS-CV0Z0461','LED BLUE CLEAR 5MM ROUND T/H','LED',,'http://www.cree.com/~/media/Files/Cree/LED%20Components%20and%20Modules/HB/Data%20Sheets/C503B%20BAS%20BAN%20BCS%20BCN%20GAS%20GAN%20GCS%20GCN%201094.pdf','LED-5MMD-2PIN-2.54MMP','Cree Inc','C503B-BCS-CV0Z0461','Digikey','C503B-BCS-CV0Z0461-ND','9','No'
167,'LED','LED-RGB-WS2812B-4SMD','LED RGB WS2812B W/DVR 4SMD','LED-NEOPIXEL-4PIN',,'http://www.adafruit.com/datasheets/WS2812B.pdf','RGBLED5050','Adafruit','1655','Digikey','1528-1104-ND','15','No'
168,'LED','LED-AMBER-0603-SMT-L296-Q2R2','LED AMBER DIFFUSED 0603 SMD','LED',,'"http://media.digikey.com/pdf/Data%20Sheets/Osram%20PDFs/LSLALOLY_296.pdf','0603','OSRAM Opto','LA L296-Q2R2-1-Z','Digikey','475-2712-1-ND','24','No'
169,'LED','LED-RED-0603-SMT-150060RS75000','LED RED CLEAR 0603 SMD','LED',,'http://katalog.we-online.de/led/datasheet/150060RS75000.pdf','603','Wurth','150060RS75000','Digikey','732-4978-1-ND','50','No'
170,'LED','LED-RED-0603-SMT-L296-P2Q2','LED RED DIFFUSED 0603 SMD','LED',,'http://www.osram-os.com/Graphics/XPic5/00077119_0.pdf','603','OSRAM Opto','LS L296-P2Q2-1-Z','Digikey','475-2761-1-ND','25','No'
171,'LED','LED-RED-GREEN-0606-SMT-LTST-C195KGJRKT','LED GREEN/RED CLEAR 0606 SMD','LED-2-COMMON-CAT',,'http://optoelectronics.liteon.com/upload/download/DS22-2000-282/P_100_LTST-C195KGJRKT.pdf','606','Lite-On','LTST-C195KGJRKT','Digikey','160-1452-1-ND','4','No'
172,'LED','LED-GREEN-0603-SMT-BG1111C','LED GREEN DIFFUSED 0603 SMD','LED',,'http://media.digikey.com/pdf/Data%20Sheets/Stanley%20Electric%20PDFs/BR1111C_Series.pdf','603','Stanley Electric','BG1111C-TR','Digikey','404-1005-1-ND','12','No'
173,'LED','LED-RED-0603-SMT-HSMS-C191','LED RED DIFFUSED 0603 SMD','LED',,'http://media.digikey.com/pdf/Data%20Sheets/Avago%20PDFs/HSMz-Czzz.pdf','603','Broadcom','HSMS-C191','Digikey','516-3074-1-ND','9','No'
174,'MIC','MIC-SR6438','RECEIVER 100HZ-9.5KHZ','MIC',,'http://www.knowles.com/download/file?p=SR6438NWS-000.pdf','MIC-SR6438','Knowles','SR6438NWS-000','Digikey','423-1142-ND','2','No'
175,'MIC','MIC-CMA4544','MIC COND ANALOG OMNI -44DB','MIC',,'http://www.cui.com/product/resource/digikeypdf/cma-4544pf-w.pdf','MIC-CMA4544','CUI','CMA-4544PF-W','Digikey','102-1721-ND','4','No'
176,'NE','LAMP-NEON-TH-A9A','LAMP NEON 6.2MM WIRE TERMINAL','LAMP',,'http://vcclite.com/_pdf/Neon%20Indicator%20Lamps_7_&_8.pdf','TH-LAMPA9A','Visual Comm','A9A','Digikey','A9A-ND','9','No'
177,'Q','BJT-NPN-40V-0.6A-MMBT2222','TRANS NPN 40V 0.6A SOT23','TRANS-BJT-NPN',,'http://www.onsemi.com/pub_link/Collateral/MMBT2222LT1-D.PDF','SOT23-3','ON Semi','MMBT2222ALT1G','Digikey','MMBT2222ALT1GOSCT-ND',,'No'
178,'Q','MOSFET-P-60V-0.9A-ZXMP6A13FTA','MOSFET P-CH 60V 0.9A SOT23-3','TRANS-FET-P',,'http://www.diodes.com/_files/datasheets/ZXMP6A13F.pdf','SOT23-3','Diodes Inc','ZXMP6A13FTA','Digikey','ZXMP6A13FCT-ND',,'No'
179,'Q','MOSFET-N-50V-220MA-BSS138','MOSFET N-CH 50V 220MA SOT-23','TRANS-FET-N',,'http://www.fairchildsemi.com/datasheets/BS/BSS138.pdf','SOT23-3','Fairchild','BSS138','Digikey','BSS138CT-ND',,'No'
180,'Q','MOSFET-P-20V-2.6A-IRLML2246','MOSFET P-CH 20V 2.6A SOT23','TRANS-FET-P',,'http://www.irf.com/product-info/datasheets/data/irlml2246pbf.pdf','SOT23-3','Infineon','IRLML2246TRPBF','Digikey','IRLML2246TRPBFCT-ND','30','No'
181,'Q','MOSFET-N-20V-0.9A-FDV305N','MOSFET N-CH 20V 0.9A SOT-23','TRANS-FET-N',,'http://www.fairchildsemi.com/datasheets/FD/FDV305N.pdf','SOT23-3','Fairchild','FDV305N','Digikey','FDV305NCT-ND','12','No'
182,'Q','MOSFET-N-20V-3.2A-NTR4501NT1G','MOSFET N-CH 20V 3.2A SOT-23','TRANS-FET-N',,'http://www.onsemi.com/pub_link/Collateral/NTR4501N-D.PDF','SOT23-3','ON Semi','NTR4501NT1G','Digikey','NTR4501NT1GOSCT-ND','5','No'
183,'Q','BJT-PNP-60V-0.6A-MMBT2907','TRANS PNP 60V 0.6A SOT23-3','TRANS-BJT-PNP',,'http://www.diodes.com/_files/datasheets/ds30040.pdf','SOT23-3','Diodes Inc','MMBT2907A-7-F','Digikey','MMBT2907A-FDICT-ND','9','No'
184,'Q','BJT-NPN-45V-0.1A-BC547BTA','TRANS NPN 45V 0.1A TO-92','TRANS-BJT-NPN',,'http://www.fairchildsemi.com/datasheets/BC/BC546.pdf','TO-92','Fairchild','BC547BTA','Digikey','BC547BTACT-ND','6','No'
185,'R','TRIMPOT-10K-3PIN-TH-0.20W-P160KN','POT 10K OHM 1/5W PLASTIC LINEAR','TRIMPOT-3PIN',,'http://www.bitechnologies.com/pdfs/p160.pdf','P160-TRIMPOT','TT Electronics','P160KN-0QC15B10K','Digikey','987-1301-ND','7','No'
186,'R','RES-33-1%-1/10W-0402','RES SMD 33 OHM 1% 1/10W 0402','RESISTOR',,'http://industrial.panasonic.com/www-cgi/jvcr13pz.cgi?E+PZ+3+AOA0002+ERJ2RKF33R0X+7+WW','402','Panasonic','ERJ-2RKF33R0X','Digikey','P33.0LCT-ND','85','No'
187,'R','RES-1K-1%-1/10W-0402','RES SMD 1K OHM 1% 1/10W 0402','RESISTOR',,'http://industrial.panasonic.com/www-cgi/jvcr13pz.cgi?E+PZ+3+AOA0002+ERJ2RKF33R0X+7+WW','402','Panasonic','ERJ-2RKF1001X','Digikey','P1.00KLCT-ND','85','No'
188,'R','RES-4.7K-1%-1/10W-0402','RES SMD 4.7K OHM 1% 1/10W 0402','RESISTOR',,'http://industrial.panasonic.com/www-cgi/jvcr13pz.cgi?E+PZ+3+AOA0002+ERJ2RKF33R0X+7+WW','402','Panasonic','ERJ-2RKF4701X','Digikey','P4.70KLCT-ND','90','No'
189,'R','RES-10K-1%-1/10W-0402','RES SMD 10K OHM 1% 1/10W 0402','RESISTOR',,'http://industrial.panasonic.com/www-cgi/jvcr13pz.cgi?E+PZ+3+AOA0002+ERJ2RKF33R0X+7+WW','402','Panasonic','ERJ-2RKF1002X','Digikey','P10.0KLCT-ND','85','No'
190,'R','RES-27K-1%-1/10W-0402','RES SMD 27K OHM 1% 1/10W 0402','RESISTOR',,'http://industrial.panasonic.com/www-cgi/jvcr13pz.cgi?E+PZ+3+AOA0002+ERJ2RKF33R0X+7+WW','402','Panasonic','ERJ-2RKF2702X','Digikey','P27.0KLCT-ND','70','No'
191,'R','RES-205K-1%-1/10W-0603','RES SMD 205K OHM 1% 1/10W 0603','RESISTOR',,'http://industrial.panasonic.com/www-cgi/jvcr13pz.cgi?E+PZ+3+AOA0002+ERJ3EKF2053V+7+WW','603','Panasonic','ERJ-3EKF2053V','Digikey','P205KHCT-ND','47','No'
192,'R','RES-0.0-JUMPER-1/8W-0603','RES SMD 0.0 OHM JUMPER 1/8W 0603','RESISTOR',,'http://www.vishay.com/docs/28705/mcx0x0xpro.pdf','603','Vishay','MCT06030Z0000ZP500','Digikey','MCT0603-0.0-ZZCT-ND','50','No'
193,'R','RES-1-5%-1/10W-0603','RES SMD 1 OHM 5% 1/10W 0603','RESISTOR',,'http://industrial.panasonic.com/www-cgi/jvcr13pz.cgi?E+PZ+3+AOA0001+ERJ3GEYJ1R0V+7+WW','603','Panasonic','ERJ-3GEYJ1R0V','Digikey','P1.0GCT-ND','25','No'
194,'R','RES-200K-5%-1/10W-0603','RES SMD 200K OHM 5% 1/10W 0603','RESISTOR',,'http://industrial.panasonic.com/www-cgi/jvcr13pz.cgi?E+PZ+3+AOA0001+ERJ3GEYJ204V+7+WW','603','Panasonic','ERJ-3GEYJ204V','Digikey','P200KGCT-ND','47','No'
195,'R','RES-31.6K-1%-1/10W-0603','RES SMD 31.6K OHM 1% 1/10W 0603','RESISTOR',,'http://industrial.panasonic.com/www-cgi/jvcr13pz.cgi?E+PZ+3+AOA0002+ERJ3EKF3162V+7+WW','603','Panasonic','ERJ-3EKF3162V','Digikey','P31.6KHCT-ND','45','No'
196,'R','RES-10-1%-1/10W-0603','RES SMD 10 OHM 1% 1/10W 0603','RESISTOR',,'http://industrial.panasonic.com/www-cgi/jvcr13pz.cgi?E+PZ+3+AOA0002+ERJ3EKF10R0V+7+WW','603','Panasonic','ERJ-3EKF10R0V','Digikey','P10.0HCT-ND','35','No'
197,'R','RES-470-5%-1/4W-0603','RES SMD 470 OHM 5% 1/4W 0603','RESISTOR',,'http://rohmfs.rohm.com/en/products/databook/datasheet/passive/resistor/chip_resistor/esr.pdf','603','Rohm Semi','ESR03EZPJ471','Digikey','RHM470DCT-ND','20','No'
198,'R','RES-1K-1%-1/10W-0603','RES SMD 1K OHM 1% 1/10W 0603','RESISTOR',,'http://media.digikey.com/pdf/Data%20Sheets/Samsung%20PDFs/RC_Series_ds.pdf','603','Samsung','RC1608F102CS','Digikey','1276-3484-1-ND','240','No'
199,'R','RES-16.2K-1%-1/10W-0603','RES SMD 16.2K OHM 1% 1/10W 0603','RESISTOR',,'http://industrial.panasonic.com/www-cgi/jvcr13pz.cgi?E+PZ+3+AOA0002+ERJ3EKF1622V+7+WW','603','Panasonic','ERJ-3EKF1622V','Digikey','P16.2KHCT-ND','45','No'
200,'R','RES-10K-1%-1/8W-0603','RES SMD 10K OHM 1% 1/8W 0603','RESISTOR',,'http://www.seielect.com/catalog/SEI-RNCP.pdf','603','Stackpole','RNCP0603FTD10K0','Digikey','RNCP0603FTD10K0CT-ND','70','No'
201,'R','RES-2K-1%-1/8W-0603','RES SMD 2K OHM 1% 1/8W 0603','RESISTOR',,'http://www.seielect.com/catalog/SEI-RNCP.pdf','603','Stackpole','RNCP0603FTD2K00','Digikey','RNCP0603FTD2K00CT-ND','100','No'
202,'R','RES-33-5%-1/4W-TH-CF','RES 33 OHM 1/4W 5% CARBON FILM','RESISTOR',,'http://www.seielect.com/catalog/SEI-CF_CFM.pdf','CF14','Stackpole','CF14JT33R0','Digikey','CF14JT33R0CT-ND','45','No'
203,'R','RES-10K-5%-1/4W-TH-CFMINI','RES 10K OHM 1/4W 5% CF MINI','RESISTOR',,'http://www.seielect.com/catalog/SEI-CF_CFM.pdf','CFM14','Stackpole','CFM14JT10K0','Digikey','S10KQCT-ND','90','No'
204,'R','RES-82K-5%-1/4W-TH-CFMINI','RES 82K OHM 1/4W 5% CF MINI','RESISTOR',,'http://www.seielect.com/catalog/SEI-CF_CFM.pdf','CFM14','Stackpole','CFM14JT82K0','Digikey','S82KQCT-ND','90','No'
205,'R','RES-150-5%-1/4W-TH-CFMINI','RES 150 OHM 1/4W 5% CF MINI','RESISTOR',,'http://www.seielect.com/catalog/SEI-CF_CFM.pdf','CFM14','Stackpole','CFM14JT150R','Digikey','S150QCT-ND','90','No'
206,'R','RES-18K-5%-1/4W-TH-CFMINI','RES 18K OHM 1/4W 5% CF MINI','RESISTOR',,'http://www.seielect.com/catalog/SEI-CF_CFM.pdf','CFM14','Stackpole','CFM14JT18K0','Digikey','S18KQCT-ND','90','No'
207,'R','RES-1K-5%-1/4W-TH-CFMINI','RES 1K OHM 1/4W 5% CF MINI','RESISTOR',,'http://www.seielect.com/catalog/SEI-CF_CFM.pdf','CFM14','Stackpole','CFM14JT1K00','Digikey','S1KQCT-ND','75','No'
208,'R','RES-220-5%-1/4W-TH-CFMINI','RES 220 OHM 1/4W 5% CF MINI','RESISTOR',,'http://www.seielect.com/catalog/SEI-CF_CFM.pdf','CFM14','Stackpole','S220QCT-ND','Digikey','CFM14JT220R','90','No'
209,'R','RES-10K-5%-1/8W-0805','RES SMD 10K OHM 5% 1/8W 0805','RESISTOR',,'http://www.yageo.com/NewPortal/yageodocoutput?fileName=/pdf/R-Chip/PYu-RC_Group_51_RoHS_L_3.pdf','805','Yageo','RC0805JR-0710KL','Digikey','311-10KARCT-ND','90','No'
210,'R','TRIMPOT-10K-3PIN-SMT-0.1W-TC33X','TRIMMER 10K OHM 0.1W SMD','TRIMPOT-3PIN',,'http://www.bourns.com/docs/Product-Datasheets/TC33.pdf','TC33X','Bourns','TC33X-2-103E','Digikey','TC33X-103ECT-ND','9','No'
211,'R','RES-220-5%-1/10W-0402','RES SMD 220 OHM 5% 1/10W 0402','RESISTOR',,'http://industrial.panasonic.com/www-cgi/jvcr13pz.cgi?E+PZ+3+AOA0001+ERJ2GEJ221X+7+WW','402','Panasonic','ERJ-2GEJ221X','Digikey','P220JCT-ND','500','No'
212,'R','RES220-5%-1/4W-CF','RES 220 OHM 1/4W 5% CARBON FILM','RESISTOR',,'http://www.seielect.com/catalog/SEI-CF_CFM.pdf','CF14','Stackpole','CF14JT220R','Digikey','CF14JT220RCT-ND','100','No'
213,'R','RES-0.0-JUMPER-1/8W-0805','RES SMD 0.0 OHM JUMPER 1/8W 0805','RESISTOR',,'http://industrial.panasonic.com/www-cgi/jvcr13pz.cgi?E+PZ+3+AOA0001+ERJ6GEY0R00V+7+WW','805','Panasonic','ERJ-6GEY0R00V','Digikey','P0.0ACT-ND','0','No'
214,'R','RES-220K-5%-1/8W-0805','RES SMD 220K OHM 5% 1/8W 0805','RESISTOR',,'http://industrial.panasonic.com/www-cgi/jvcr13pz.cgi?E+PZ+3+AOA0001+ERJ6GEYJ224V+7+WW','805','Panasonic','ERJ-6GEYJ224V','Digikey','P220KACT-ND','0','No'
215,'R','RES-1.5K-5%-1/8W-0805','RES SMD 1.5K OHM 5% 1/8W 0805','RESISTOR',,'http://industrial.panasonic.com/www-cgi/jvcr13pz.cgi?E+PZ+3+AOA0001+ERJ6GEYJ152V+7+WW','805','Panasonic','ERJ-6GEYJ152V','Digikey','P1.5KACT-ND','0','No'
216,'R','RES-510-5%-1/2W-2010','RES SMD 510 OHM 5% 1/2W 2010','RESISTOR',,'http://rohmfs.rohm.com/en/products/databook/datasheet/passive/resistor/chip_resistor/mcr.pdf','2010','Rohm Semi','MCR50JZHJ511','Digikey','RHM510BGCT-ND',,'No'
217,'R','RES-10K-1%-1/10W-0402','RES SMD 10K OHM 1% 1/10W 0402','RESISTOR',,'http://industrial.panasonic.com/www-cgi/jvcr13pz.cgi?E+PZ+3+AOA0002+ERJ2RKF1002X+7+WW','402','Panasonic','ERJ-2RKF1002X','Digikey','P10.0KLCT-ND',,'No'
218,'R','RES-1K-1%-1/10W-0402','RES SMD 1K OHM 1% 1/10W 0402','RESISTOR',,'http://industrial.panasonic.com/www-cgi/jvcr13pz.cgi?E+PZ+3+AOA0002+ERJ2RKF1001X+7+WW','402','Panasonic','ERJ-2RKF1001X','Digikey','P1.00KLCT-ND',,'No'
219,'R','RES-100-1%-1/10W-0402','RES SMD 100 OHM 1% 1/10W 0402','RESISTOR',,'http://industrial.panasonic.com/www-cgi/jvcr13pz.cgi?E+PZ+3+AOA0002+ERJ2RKF1000X+7+WW','402','Panasonic','ERJ-2RKF1000X','Digikey','P100LCT-ND',,'No'
220,'R','RES-4.7K-1%-1/10W-0402','RES SMD 4.7K OHM 1% 1/10W 0402','RESISTOR',,'http://industrial.panasonic.com/www-cgi/jvcr13pz.cgi?E+PZ+3+AOA0002+ERJ2RKF4701X+7+WW','402','Panasonic','ERJ-2RKF4701X','Digikey','P4.70KLCT-ND',,'No'
221,'R','RES-1.5K-1%-1/10W-0402','RES SMD 1.5K OHM 1% 1/10W 0402','RESISTOR',,'http://industrial.panasonic.com/www-cgi/jvcr13pz.cgi?E+PZ+3+AOA0002+ERJ2RKF1501X+7+WW','402','Panasonic','ERJ-2RKF1501X','Digikey','P1.50KLCT-ND',,'No'
222,'R','RES-240-1%-1/10W-0402','RES SMD 240 OHM 1% 1/10W 0402','RESISTOR',,'http://industrial.panasonic.com/www-cgi/jvcr13pz.cgi?E+PZ+3+AOA0002+ERJ2RKF2400X+7+WW','402','Panasonic','ERJ-2RKF2400X','Digikey','P240LCT-ND',,'No'
223,'R','RES-866-1%-1/10W-0402','RES SMD 866 OHM 1% 1/10W 0402','RESISTOR',,'http://industrial.panasonic.com/www-cgi/jvcr13pz.cgi?E+PZ+3+AOA0002+ERJ2RKF8660X+7+WW','402','Panasonic','ERJ-2RKF8660X','Digikey','P866LCT-ND',,'No'
224,'R','RES-374-1%-1/10W-0402','RES SMD 374 OHM 1% 1/10W 0402','RESISTOR',,'http://industrial.panasonic.com/www-cgi/jvcr13pz.cgi?E+PZ+3+AOA0002+ERJ2RKF3740X+7+WW','402','Panasonic','ERJ-2RKF3740X','Digikey','P374LCT-ND',,'No'
225,'R','RES-1.2K-1%-1/10W-0402','RES SMD 1.2K OHM 1% 1/10W 0402','RESISTOR',,'http://industrial.panasonic.com/www-cgi/jvcr13pz.cgi?E+PZ+3+AOA0002+ERJ2RKF1201X+7+WW','402','Panasonic','ERJ-2RKF1201X','Digikey','P1.20KLCT-ND',,'No'
226,'R','RES-330-1%-1/10W-0402','RES SMD 330 OHM 1% 1/10W 0402','RESISTOR',,'http://industrial.panasonic.com/www-cgi/jvcr13pz.cgi?E+PZ+3+AOA0002+ERJ2RKF3300X+7+WW','402','Panasonic','ERJ-2RKF3300X','Digikey','P330LCT-ND',,'No'
227,'R','RES-62K-1%-1/10W-0402','RES SMD 62K OHM 1% 1/10W 0402','RESISTOR',,'http://industrial.panasonic.com/www-cgi/jvcr13pz.cgi?E+PZ+3+AOA0002+ERJ2RKF6202X+7+WW','402','Panasonic','ERJ-2RKF6202X','Digikey','P62.0KLCT-ND',,'No'
228,'S','SWITCH-TACT-NAV-4DIR-SEL-SMT','SWITCH TACT NAV 4DIR W/SELECT SMT','SWITCH-TPA511GS',,'http://media.digikey.com/pdf/Data%20Sheets/C&K/TPA%20Series.pdf','TPA511GS','C&K','TPA511GLFS','Digikey','401-1130-1-ND','4','No'
229,'S','SWITCH-TACTILE-SPST-NO-0.05A-12V','SWITCH TACTILE SPST-NO 0.05A 12V','SWITCH-SPST',,'http://www.omron.com/ecb/products/pdf/en-b3u.pdf','B3U-1000P','Omron','B3U-1000P','Digikey','SW1020CT-ND','9','No'
230,'S','SWITCH-TACTILE-SPST-NO-0.05A-24V','SWITCH TACTILE SPST-NO 0.05A 24V','SWITCH-SPST',,'http://www.te.com/commerce/DocumentDelivery/DDEController?Action=srchrtrv&DocNm=1437566-3&DocType=Customer+Drawing&DocLang=English','FSMSM','TE Conn','FSMSMTR','Digikey','450-1758-1-ND','23','No'
231,'S','SWITCH-TOGGLE-SPDT-5A-120V','SWITCH TOGGLE SPDT 5A 120V','SWITCH-SPDT',,'https://www.e-switch.com/system/asset/product_line/data_sheet/129/100.pdf','100SP3','E-Switch','100SP3T1B1M2QEH','Digikey','EG2377-ND','3','No'
232,'S','SWITCH-SLIDE-SPDT-100MA-12V','SWITCH SLIDE SPDT 100MA 12V','SWITCH-SPDT',,'http://www.ck-components.com/14388/os_19jan15.pdf/','OS102011MA1QN1','C&K','OS102011MA1QN1','Digikey','CKN9559-ND','9','No'
233,'S','SWITCH-TACTILE-SPST-NO-0.05A-12V','SWITCH TACTILE SPST-NO 0.05A 12V','SWITCH-SPST',,'http://media.digikey.com/pdf/Data%20Sheets/C&K/RS-032G05_-SM_RT.pdf','RS-32G05A3-SM','C&K','RS-032G05A3-SM RT','Digikey','CKN10388CT-ND','20','No'
234,'S','SWITCH-TACTILE-SPST-NO-0.05A-24V','SWITCH TACTILE SPST-NO 0.05A 24V','SWITCH-SPST',,'http://www.omron.com/ecb/products/pdf/en-b3f.pdf','B3F-1000','Omron','B3F-1000','Digikey','SW400-ND','24','No'
235,'S','SWITCH-ROCKER-SPST-10A-125V','SWITCH ROCKER SPST 10A 125V','SWITCH-SPST',,'https://www.e-switch.com/system/asset/product_line/data_sheet/81/RA1.pdf','RA1-ROCKER','E-Switch','RA11131100','Digikey','RA11131100-ND','8','No'
236,'S','SWITCH-TH-5WAY-NAV-JOYSTICK','SWITCH TH 5WAY NAV JOYSTICK','SWITCH-5WAYNAV',,'https://www.adafruit.com/products/504','5WAY-NAV-SWITCH','Adafruit','SKQUCAA010','Adafruit','504','5','No'
237,'S','SWITCH-SLIDE-SPDT-200MA-30V','SWITCH SLIDE SPDT 200MA 30V','SWITCH-SPDT',,'https://www.e-switch.com/system/asset/product_line/data_sheet/119/EG.pdf','EG1218','E-Switch','EG1218','Digikey','EG1903-ND','10','No'
238,'SPK','SPEAKER-8OHM-23MM-ROUND-2PIN','SPEAKER 8 OHM .25W 23MM ROUND','SPEAKER',,'http://www.mallory-sonalert.com/specifications/PSR-23F08S-JQ.PDF','PSR-2WIRE','Mallory Sonalert','PSR-23F08S-JQ','Digikey','458-1124-ND','4','No'
239,'U','IC-MMA7660-DFN10','IC ACCELEROMETER 3X3 DGTL 10-DFN','MMA7660',,'http://cache.freescale.com/files/sensors/doc/data_sheet/MMA7660FC.pdf','DFN10','Freescale NXP','MMA7660FCT','Digikey','MMA7660FCT-ND','0','No'
240,'U','IC-TC2185-SOT23-5','IC REG LDO 3.3V 0.15A SOT23-5','TC2185',,'http://www.microchip.com/mymicrochip/filehandler.aspx?ddocname=en011649','SOT23-5','Microchip','TC2185-3.3VCTTR','Digikey','TC2185-3.3VCCT-ND','4','No'
241,'U','IC-AP3012-SOT23-5','IC REG BOOST ADJ 0.5A SOT25','AP3012',,'http://www.diodes.com/_files/datasheets/AP3012.pdf','SOT23-5','Diodes Inc','AP3012KTR-G1','Digikey','AP3012KTR-G1DICT-ND','4','No'
242,'U','IC-NCP7805-TO220AB','IC REG LDO 5V 1A TO220AB','NCP7805',,'http://www.onsemi.com/pub_link/Collateral/NCP7800-D.PDF','TO220AB','ON Semi','NCP7805TG','Digikey','NCP7805TGOS-ND','4','No'
243,'U','IC-MCU-ATTINY861V-SOIC20','IC MCU 8BIT 8KB FLASH 20SOIC','ATTINY861V',,'http://www.atmel.com/Images/Atmel-2588-8-bit-AVR-Microcontrollers-tinyAVR-ATtiny261-ATtiny461-ATtiny861_Datasheet.pdf','SOIC20','Atmel','ATTINY861V-10SU','Digikey','ATTINY861V-10SU-ND','0','No'
244,'U','BREAKOUT-ARDU-PRO-MINI-5V-16MHz','ARDUINO PRO MINI 328 – 5V/16MHz','ARDU-PRO-MINI-5V',,'https://www.sparkfun.com/products/11113','ARDUPROMINI','Sparkfun','ARDUINO-PRO-MINI-5V','Sparkfun','DEV-11113',,'No'
245,'U','BREAKOUT-ADA-ULTIMATE-GPS-BREAKOUT-V3','ADAFRUIT ULTIMATE GPS BREAKOUT V3','GPS-MTK3329',,'https://www.adafruit.com/products/746','ADAGPSBREAKOUT','Adafruit','ULTIMATE-GPS-BREAKOUT','Adafruit','746',,'No'
246,'U','IC-MC7809-TO220AB','IC REG LDO 9V 1A TO220AB','MC7809',,'http://www.onsemi.com/pub_link/Collateral/MC7800-D.PDF','TO220AB','ON Semi','MC7809CTG','Digikey','MC7809CTGOS-ND','9','No'
247,'U','IC-NCP1117-DPAK','IC REG LDO 3.3V 1A DPAK','NCP1117',,'http://www.onsemi.com/pub_link/Collateral/NCP1117-D.PDF','DPAK','ON Semi','NCP1117DT33G','Digikey','NCP1117DT33GOS-ND','4','No'
248,'U','IC-SHIFT-REGISTER-74HC595-DIP16','IC 8-BIT SHIFT REGISTER 16-DIP','74HC595',,'http://www.ti.com/lit/ds/symlink/sn74hc595.pdf','DIP16','TI','SN74HC595N','Digikey','296-1600-5-ND','8','No'
249,'U','IC-LM1117-SOT223','IC REG LDO 3.3V 0.8A SOT223','LM1117',,'http://www.ti.com/lit/ds/symlink/lm1117.pdf','TO-261-4','ON Semi','LM1117IMP-3.3/NOPB','Digikey','LM1117IMP-3.3/NOPBCT-ND','4','No'
250,'U','BREAKOUT-NANITE841-DIP8','WATTUINO NANITE841','NANITE841',,'https://github.com/watterott/wattuino','DIP8','Waterott','NANITE85','Waterott','WATTUINO-NANITE85','1','No'
251,'U','BREAKOUT-ARDU-PRO-TRINKET-5V-HACKADAY-VERSION','ADAFRUIT PRO TRINKET 5V HACKADAY VERSION','ARDU-PRO-MINI-5V',,'https://www.adafruit.com/products/2000','ADAPROMINI','Adafruit','2000','Adafruit','2000','3','No'
252,'U','ARDUINO-UNO-R3','ARDUINO UNO R3','ARDUINO-UNO-R3',,'https://www.adafruit.com/products/50','ARDU-UNOSHIELD','Arduino','UNO R3','Adafruit','50','2','No'
253,'U','TEENSY3.1-72MHZ','TEENSY 3.1 32BIT 72MHZ','TEENSY3.1',,'https://www.pjrc.com/teensy/','TEENSY3.1','PJRC','TEENSY3.1','PJRC','TEENSY3.1','3','No'
254,'U','TEENSY2.0-16MHZ','TEENSY 2.0 8BIT  16MHZ','TEENSY2.0',,'https://www.pjrc.com/teensy/','TEENSY2.0','PJRC','TEENSY2.0','PJRC','TEENSY2.0','1','No'
255,'U','IC-3G-CELL-UC15','QUECTEL UC15 3G CELL MODULE','UC15',,'http://www.orcam.eu/res/Datablad/quectel_uc15_umtshsdpa_specification_v14.pdf','UC15PKG','Quectel','UC15',,,'1','No'
256,'U','ARDUINO-UNO-SHIELD','Adafruit Wave Shield for Arduino v1.1','ARDUINOSHIELD',,'https://www.adafruit.com/product/94','ARDU-UNOSHIELD','Adafruit','94','Adafruit','94','1','No'
257,'U','ARDUINO-UNO-SHIELD','Adafruit Motor/Stepper/Servo Shield v2.3','ARDUINOSHIELD',,'https://www.adafruit.com/products/1438','ARDU-UNOSHIELD','Adafruit','1438','Adafruit','1438','1','No'
258,'U','ARDUINO-UNO-SHIELD','Standalone AVR ISP Programmer Shield Kit','ARDUINOSHIELD',,'https://www.adafruit.com/products/462','ARDU-UNOSHIELD','Adafruit','462','Adafruit','462','1','No'
259,'U','ARDUINO-UNO-SHIELD','Adafruit 1.8 Color TFT Shield w/microSD and Joystick','ARDUINOSHIELD',,'https://www.adafruit.com/product/802','ARDU-UNOSHIELD','Adafruit','802','Adafruit','802','1','No'
260,'U','BREAKOUT-MAX31855-V2','MAX31855 Breakout Board v2','MAX31855',,'https://www.adafruit.com/products/269','ADAMAX31855BKOUT','Adafruit','269','Adafruit','269','1','No'
261,'U','RES-33-5%-1/2W-TH-CF','RES 33 OHM 1/2W 5% AXIAL','RESISTOR',,'http://www.yageo.com/documents/recent/Yageo%20LR_CFR_2013.pdf','RES-CFR-0.5W','Yageo','CFR-50JB-52-33R','Digikey','33H-ND','2','No'
262,'U','IC-ATTINY861V-SOIC20','IC MCU 8BIT 8KB FLASH 20SOIC','ATTINY861V',,'http://www.atmel.com/images/atmel-2588-8-bit-avr-microcontrollers-tinyavr-attiny261-attiny461-attiny861_datasheet.pdf','SOIC20','Atmel','ATTINY861V-10SU','Digikey','ATTINY861V-10SU-ND','0','No'
263,'U','IC-NJM386-DIP8','IC AUDIO PWR AMP LOW VOLT 8-DIP','NJM386',,'http://semicon.njr.co.jp/eng/PDF/NJM386_E.pdf','DIP8','NJR','NJM386D','Digikey','NJM386D-ND','9','No'
264,'U','IC-OPAMP-OPA356-SOT23-5','IC OPAMP VFB 200MHZ RRO SOT23-5','OPA356',,'http://www.ti.com/lit/ds/symlink/opa356.pdf','SOT23-5','TI','OPA356AIDBVR','Digikey','296-32191-1-ND','4','No'
265,'U','IC-OPAMP-LM358-DIP8','IC OPAMP GP 1MHZ DIP8','LM358',,'http://www.onsemi.com/pub_link/Collateral/LM358-D.PDF','DIP8','ON Semi','LM358NG','Digikey','LM358NGOS-ND','9','No'
266,'U','ARDUINO-UNO-SHIELD','Adafruit Proto Shield Stackable for Uno R3','ARDUINOSHIELD',,'https://www.adafruit.com/products/2077?','ARDU-UNOSHIELD','Adafruit','2077','Adafruit','2077','1','No'
267,'U','BREAKOUT-FT232H','Adafruit FT232H USB to GPIO+SPI+I2C','FT232H',,'https://www.adafruit.com/products/2264','ADAFT232HBKOUT','Adafruit','2264','Adafruit','2264','2','No'
268,'U','ARDUINO-UNO-SHIELD','SD CARD SHIELD V4.2','ARDUINOSHIELD',,'http://www.seeedstudio.com/wiki/SD_Card_shield_V4.0','ARDU-UNOSHIELD','Seeed Studio','103030005','Seeed Studio','103030005','1','No'
269,'U','BREAKOUT-FTDI-FRIEND-FT232R','FTDI Friend FT232R Breakout','FTDIFRIEND',,'https://www.sparkfun.com/products/9716','FTDIFRIEND','Sparkfun','9716','Sparkfun','9716','1','No'
270,'U','IC-OPAMP-LT1115-DIP8','IC OPAMP AUDIO 70MHZ DIP8','LT1115',,'http://www.linear.com/docs/1612','DIP8','Linear','LT1115CN8#PBF','Digikey','LT1115CN8#PBF-ND','4','No'
271,'U','IC-MCU-ATTINY85-DIP8','IC MCU 8BIT 8KB FLASH 8PDIP','ATTINY85',,'http://www.atmel.com/Images/Atmel-2586-AVR-8-bit-Microcontroller-ATtiny25-ATtiny45-ATtiny85_Datasheet.pdf','DIP8','Atmel','ATTINY85-20PU','Digikey','ATTINY85-20PU-ND','10','No'
272,'U','IC-MCU-ATTINY85-SOIC8','IC MCU 8BIT 8KB FLASH 8SOIC','ATTINY85',,'http://www.atmel.com/Images/Atmel-2586-AVR-8-bit-Microcontroller-ATtiny25-ATtiny45-ATtiny85_Datasheet.pdf','SOIC8','Atmel','ATTINY85-20SU','Digikey','ATTINY85-20SU-ND','10','No'
273,'U','IC-OPAMP-TL081CP-DIP8','IC OPAMP JFET 3MHZ DIP8','TL081CP',,'http://www.ti.com/lit/ds/symlink/tl081a.pdf','DIP8','TI','TL081CP','Digikey','296-7203-5-ND','10','No'
274,'U','IC-VOLT-REG-LDO-3.3V-0.5A-SSOP5','IC REG LDO 3.3V 0.5A 5SSOP','BU33SD5WG',,'http://rohmfs.rohm.com/en/products/databook/datasheet/ic/power/linear_regulator/buxxsd5wg-e.pdf','SSOP5','Rohm Semi','BU33SD5WG-TR','Digikey','BU33SD5WG-TRCT-ND','10','No'
275,'U','TEENSY3.2-72MHz','TEENSY 3.2 32BIT 72MHZ','TEENSY3.2',,'https://www.pjrc.com/teensy/','TEENSY3.2','PJRC','TEENSY3.2','PJRC','TEENSY3.2','1','No'
276,'U','IC-OBD-II-TO-UART-STN1110-QFN28','STN1110 OBD-II TO UART IC','STN1110',,'https://www.scantool.net/development-tools/obd-chips/stn1110/','QFN28','ScanTool','STN1110-QFN28','ScanTool','365121','0','No'
277,'U','IC-DIFF-COMPARE-LM339PWR-TSSOP14','IC QUAD DIFF COMPARATOR 14-TSSOP','LM339PWR',,'http://www.ti.com/lit/ds/symlink/lm139a.pdf','TSSOP14','TI','LM339PWR','Digikey','296-6607-1-ND',,'No'
278,'U','IC-TRANSCEIVER-CAN-MCP2551-SOIC8','IC TRANSCEIVER CAN HI-SPD 8-SOIC','MCP2551',,'http://www.microchip.com/mymicrochip/filehandler.aspx?ddocname=en011797','SOIC8','Microchip','MCP2551-I/SN','Digikey','MCP2551-I/SN-ND',,'No'
279,'U','IC-VOLT-REG-LDO-ADJ-0.5A-DPAK','IC REG LDO ADJ 0.5A DPAK','LM317',,'http://www.st.com/web/en/resource/technical/document/datasheet/CD00000549.pdf','DPAK','STM','LM317MDT-TR','Digikey','497-1574-1-ND',,'No'
280,'U','IC-TLE2426-DIP8','IC VREF GND REF ADJ DIP8','TLE2426',,'http://www.ti.com/lit/ds/symlink/tle2426.pdf','DIP8','TI','TLE2426CP','Digikey','296-6548-5-ND','10','No'
281,'U','IC-MCP1703-SOT23A-3','IC REG LDO 3.3V 0.25A SOT23A-3','MCP1703',,'http://www.microchip.com/mymicrochip/filehandler.aspx?ddocname=en530937','SOT23A-3','Microchip','MCP1703T-3302E/CB','Digikey','MCP1703T-3302E/CBCT-ND','8','No'
282,'U','IC-MCU-STM32F407-LQFP100','IC MCU 32BIT 1MB FLASH 100LQFP','STM32F407-100LQFP',,'http://www.st.com/web/en/resource/technical/document/datasheet/DM00037051.pdf','LQFP100','STM','STM32F407VGT6','Digikey','497-11605-ND','1','No'
283,'U','IC-MCU-ATMEGA328-TQFP32','IC MCU 8BIT 32KB FLASH 32TQFP','ATMEGA328P-32TQFP',,'http://www.atmel.com/images/Atmel-8271-8-bit-AVR-Microcontroller-ATmega48A-48PA-88A-88PA-168A-168PA-328-328P_datasheet_Complete.pdf','TQFP32','Atmel','ATMEGA328P-AU','Digikey','ATMEGA328P-AU-ND','2','No'
284,'U','IC-MCU-ATMEGA328P-TQFP32','IC MCU 8BIT 32KB FLASH 32TQFP','ATMEGA328-32TQFP',,'http://www.atmel.com/images/Atmel-8271-8-bit-AVR-Microcontroller-ATmega48A-48PA-88A-88PA-168A-168PA-328-328P_datasheet_Complete.pdf','TQFP32','Atmel','ATMEGA328-AU','Digikey','ATMEGA328-AU-ND','10','No'
285,'U','IC-XC9140-SOT23-5','IC REG BST 5V 295MA SYNC SOT-25','XC9140',,'http://www.torex.co.jp/english/products/dcdc_converters/data/XC9140.pdf','SOT23-5','Torex','XC9140A501MR-G','Digikey','893-1181-1-ND','9','No'
286,'U','IC-MCU-ATMEGA1284-TQFP44','IC MCU 8BIT 128KB FLASH 44TQFP','ATMEGA1284-44TQFP',,'http://www.atmel.com/Images/Atmel-8272-8-bit-AVR-microcontroller-ATmega164A_PA-324A_PA-644A_PA-1284_P_datasheet.pdf','TQFP44','Atmel','ATMEGA1284-AU','Digikey','ATMEGA1284-AU-ND','1','No'
287,'U','IC-MCU-ATMEGA1284P-TQFP44','IC MCU 8BIT 128KB FLASH 44TQFP','ATMEGA1284P-44TQFP',,'http://www.atmel.com/Images/Atmel-8272-8-bit-AVR-microcontroller-ATmega164A_PA-324A_PA-644A_PA-1284_P_datasheet.pdf','TQFP44','Atmel','ATMEGA1284P-AU','Digikey','ATMEGA1284P-AU-ND','1','No'
288,'U','IC-MCU-STM32F042-LQFP32','IC MCU 32BIT 32KB FLASH 32LQFP','STM32F042-32LQFP',,'http://www.st.com/web/en/resource/technical/document/datasheet/DM00105814.pdf','LQFP32','STM','STM32F042K6T6','Digikey','497-14647-ND','5','No'
289,'U','IC-TEMPSENSE-TMP36-TO92','SENSOR TEMP RATIOMETRIC TO92-3','TMP36',,'http://www.analog.com/media/en/technical-documentation/data-sheets/TMP35_36_37.pdf','TO-92','Analog','TMP36GT9Z','Digikey','TMP36GT9Z-ND','1','No'
290,'U','IC-HALLSENSE-SS411P-TO92','SENSOR HALL EFFECT BIPOLAR TO92','SS411P',,'http://sensing.honeywell.com/index.php/ci_id/45288/la_id/1/document/1/re_id/0','TO-92','Honeywell','SS411P','Digikey','480-5195-ND','10','No'
291,'U','IC-WAVEFORM-GENERATOR-AD9833-MSOP10','IC WAVEFORM GENERTR PROG 10-MSOP','AD9833',,'http://www.analog.com/media/en/technical-documentation/data-sheets/AD9833.pdf','MSOP10','Analog','AD9833BRMZ','Digikey','AD9833BRMZ-ND','1','No'
292,'U','IC-LI-ION-CONTROLLER-MCP73831-SOT23-5','IC CONTROLLR LI-ION 4.2V SOT23-5','MCP73831T-2ACI/OT',,'http://www.microchip.com/mymicrochip/filehandler.aspx?ddocname=en025112','SOT23-5','Microchip','MCP73831T-2ACI/OT','Digikey','MCP73831T-2ACI/OTCT-ND','9','No'
293,'U','IC-MUX-SN74CB3Q3257-TSSOP16','IC QUAD1:2 FET MUX/DEMUX 16TSSOP','SN74CB3Q3257',,'http://www.ti.com/lit/ds/symlink/sn74cb3q3257.pdf','TSSOP16','TI','SN74CB3Q3257PWR','Digikey','296-19138-1-ND','16','No'
294,'U','IC-TXRX-USB-PHY-3318-QFN24','IC TXRX USB ULPI 13MHZ 24QFN','USB-PHY-3318',,'http://www.microchip.com/mymicrochip/filehandler.aspx?ddocname=en562029','QFN24','Microchip','USB3318C-CP-TR','Digikey','USB3318C-CP-CT-ND','4','No'
295,'U','IC-LI-ION-CONTROLLER-MCP73833-MSOP10','IC LI-ION/LI-POLY CTRLR 10MSOP','MCP73833',,'http://www.microchip.com/mymicrochip/filehandler.aspx?ddocname=en027983','MSOP10','Microchip','MCP73833-AMI/UN','Digikey','MCP73833-AMI/UN-ND','7','No'
296,'U','IC-AAT3221-SOT23-5','IC REG LDO 3.3V 0.15A SOT23-5','AAT3221',,'http://www.skyworksinc.com/uploads/documents/AAT3221_AAT3222_202251B.pdf','SOT23-5','Skyworks','AAT3221IGV-3.3-T1','Digikey','863-1491-1-ND','18','No'
297,'U','IC-GPS-RECEIVER-MAX2769-QFN28','IC GPS RECEIVER 28TQFN','MAX2769',,'http://datasheets.maximintegrated.com/en/ds/MAX2769.pdf','QFN28','Maxim','MAX2769ETI+','Digikey','MAX2769ETI+-ND','4','No'
298,'U','IC-MOTOR-DRIVER-VNH5019-MULTIPWRSO30','IC MOTOR DRIVER PAR 30MULTIPWRSO','VNH5019',,'http://www.st.com/web/en/resource/technical/document/datasheet/CD00234623.pdf','MULTIPWRSO30','STM','VNH5019ATR-E','Digikey','497-13073-1-ND','2','No'
299,'U','IC-USB-TO-UART-BRIDGE-CP2102-VQFN28','IC USB-TO-UART BRIDGE 28VQFN','CP2102',,'http://www.silabs.com/Support%20Documents/TechnicalDocs/CP2102-9.pdf','VQFN28','Silicon Labs','CP2102-GMR','Digikey','336-1160-1-ND','9','No'
300,'U','IC-IO-EXPANDER-MCP23008-SOIC18','IC I/O EXPANDER I2C 8B 18SOIC','MCP23008',,'http://www.microchip.com/mymicrochip/filehandler.aspx?ddocname=en021920','SOIC18','Microchip','MCP23008T-E/SO','Digikey','MCP23008T-E/SOTR-ND','5','No'
301,'U','IC-SHIFTER-HEX-74HC4050-SOIC16','IC SHIFTER HEX HIGH-LOW 16SOIC','74HC4050',,'http://www.nxp.com/documents/data_sheet/74HC4050.pdf','SOIC16','NXP','74HC4050D652','Digikey','568-1453-5-ND','24','No'
302,'U','IC-9-AXIS-IMU-MPU9150-LGA24','GYRO/ACCELEROMETER 9-AXIS 24LGA MPU9150','MPU9150',,'http://store.invensense.com/datasheets/invensense/MPU-9150_DataSheet_V4%203.pdf','LGA24','Invensense','MPU-9150','Digikey','1428-1009-1-ND','5','No'
303,'U','IC-6-AXIS-MPU6000-QFN24','GYRO/ACCELEROMETER 6AXIS 24QFN','MPU6000',,'http://store.invensense.com/datasheets/invensense/MPU-6050_DataSheet_V3%204.pdf','QFN24','Invensense','MPU-6000','Digikey','1428-1005-1-ND','1','No'
304,'U','IC-VOLT-LEVEL-TRANSLATOR-TXB0104-TSSOP14','IC VOLT-LEVEL TRANSLATOR 14TSSOP','TXB0104',,'http://www.ti.com/lit/ds/symlink/txb0104.pdf','TSSOP14','TI','TXB0104PWR','Digikey','296-21929-1-ND','9','No'
305,'U','IC-LD29300-P2PAK-4','IC REG LDO 3.3V 3A P2PAK-4','LD29300',,'http://www.st.com/web/en/resource/technical/document/datasheet/CD00003208.pdf','P2PAK-4','STM','LD29300P2M33R','Digikey','497-3475-1-ND','3','No'
306,'U','IC-SPX29300-TO-263','IC REG LDO 5V 3A TO263-3','SPX29300',,'http://www.exar.com/Common/Content/Document.ashx?id=1328','TO-263','Exar','SPX29300T-L-5-0','Digikey','1016-1548-5-ND','3','No'
307,'X','CRYSTAL-16MHZ-18PF-40OHM-CTS-4SMD','16MHz ±30ppm Crystal 18pF 40 Ohm 4SMD NOLEAD','CTS406-16MHz',,'http://www.ctscorp.com/wp-content/uploads/2015/11/008-0260-0.pdf','CTS-4SMD','CTS','406I35D16M00000','Digikey','CTX1206CT-ND','4','No'
308,'X','CRYSTAL-20MHZ-18PF-40OHM-CTS-4SMD','20MHz ±30ppm Crystal 18pF 40 Ohm 4SMD NOLEAD','CTS406-20MHz',,'http://www.ctscorp.com/wp-content/uploads/2015/11/008-0260-0.pdf','CTS-4SMD','CTS','406I35D20M00000','Digikey','CTX1207CT-ND','5','No'
309,'X','CRYSTAL-25MHZ-18pF-40OHM-CTS-4SMD','25MHz ±30ppm Crystal 18pF 40 Ohm 4SMD NOLEAD','CTS406-25MHz',,'http://www.ctscorp.com/wp-content/uploads/2015/11/008-0260-0.pdf','CTS-4SMD','CTS','406C35D25M00000','Digikey','CTX859CT-ND','10','No'
310,'X','CRYSTAL-25MHZ-CB3-3C-CTS-4SMD','25MHz OSC XO HCMOS TTL 4SMD','CB3-3C-25MHz',,'http://www.ctscorp.com/wp-content/uploads/2015/11/008-0256-0.pdf','CTS-4SMD','CTS','CB3-3C-25M0000','Digikey','CTX276CT-ND','9','No'
311,'X','CRYSTAL-8MHZ-18PF-140OHM-ABM3-2SMD','8MHz ±20ppm Crystal 18pF 140 Ohm 2SMD NOLEAD','ABM3-8MHz',,'http://www.abracon.com/Resonators/abm3.pdf','ABM-2SMD','Abracon','ABM3-8.000MHZ-D2Y-T','Digikey','535-10630-1-ND','3','No'
312,'X','CRYSTAL-25MHZ-18PF-100OHM-TXC-8Y-4SMD','25MHz ±30ppm Crystal 8pF 100 Ohm 4SMD NOLEAD','TXC-8Y-25MHz',,'http://www.txccrystal.com/images/pdf/8y.pdf','8Y-4SMD','TXC','8Y-25.000MAAV-T','Digikey','887-2000-1-ND','8','No'
